customerID,gender,SeniorCitizen,tenure,Contract,PaymentMethod,InternetService,MonthlyCharges,TotalCharges,SupportCalls,Churn
CUST-00001,Male,0,7,One year,Mailed check,DSL,37.17,260.19,1,No
CUST-00002,Male,0,56,Two year,Bank transfer,Fiber optic,99.38,5565.28,2,Yes
CUST-00003,Female,0,48,Month-to-month,Electronic check,Fiber optic,82.0,3936.0,0,No
CUST-00004,Male,1,32,Month-to-month,Mailed check,Fiber optic,89.81,2873.92,2,Yes
CUST-00005,Female,0,32,Two year,Mailed check,DSL,51.84,1658.88,1,No
CUST-00006,Male,0,62,Month-to-month,Bank transfer,Fiber optic,87.87,5447.94,2,Yes
CUST-00007,Female,0,7,One year,Credit card,Fiber optic,78.41,548.87,2,No
CUST-00008,Female,1,51,Month-to-month,Credit card,DSL,57.85,2950.35,1,No
CUST-00009,Female,0,15,Month-to-month,Bank transfer,Fiber optic,86.77,1301.55,3,No
CUST-00010,Female,0,7,One year,Bank transfer,DSL,45.33,317.31,3,No
CUST-00011,Female,1,38,Month-to-month,Bank transfer,Fiber optic,82.11,3120.18,2,Yes
CUST-00012,Female,0,71,Month-to-month,Mailed check,Fiber optic,78.91,5602.61,2,No
CUST-00013,Male,1,53,One year,Electronic check,No,20.42,1082.26,0,No
CUST-00014,Female,0,55,One year,Bank transfer,DSL,44.65,2455.75,1,No
CUST-00015,Female,0,52,Two year,Bank transfer,DSL,48.05,2498.6,1,No
CUST-00016,Male,0,57,Month-to-month,Mailed check,DSL,58.92,3358.44,2,Yes
CUST-00017,Male,1,37,Month-to-month,Credit card,Fiber optic,70.36,2603.32,1,No
CUST-00018,Male,1,10,Two year,Bank transfer,DSL,54.14,541.4,3,Yes
CUST-00019,Female,0,61,Month-to-month,Mailed check,Fiber optic,77.05,4700.05,2,No
CUST-00020,Female,0,33,Month-to-month,Electronic check,DSL,55.16,1820.28,3,Yes
CUST-00021,Male,0,37,Month-to-month,Electronic check,DSL,42.33,1566.21,5,Yes
CUST-00022,Female,0,27,Month-to-month,Mailed check,Fiber optic,83.3,2249.1,2,No
CUST-00023,Male,0,14,Two year,Mailed check,Fiber optic,78.73,1102.22,0,No
CUST-00024,Female,0,67,One year,Electronic check,No,18.0,1206.0,3,No
CUST-00025,Male,0,57,One year,Electronic check,Fiber optic,93.91,5352.87,0,No
CUST-00026,Male,0,47,Month-to-month,Electronic check,Fiber optic,72.46,3405.62,1,Yes
CUST-00027,Male,1,29,Month-to-month,Credit card,Fiber optic,80.67,2339.43,1,Yes
CUST-00028,Male,0,60,Month-to-month,Credit card,Fiber optic,71.58,4294.8,2,No
CUST-00029,Male,0,40,Month-to-month,Mailed check,DSL,34.3,1372.0,3,No
CUST-00030,Female,0,32,Month-to-month,Electronic check,Fiber optic,78.36,2507.52,1,Yes
CUST-00031,Male,0,33,Month-to-month,Electronic check,Fiber optic,75.25,2483.25,2,Yes
CUST-00032,Male,0,17,Month-to-month,Electronic check,DSL,35.65,606.05,1,No
CUST-00033,Female,0,7,One year,Mailed check,Fiber optic,79.72,558.04,1,No
CUST-00034,Male,0,40,One year,Electronic check,Fiber optic,68.14,2725.6,1,No
CUST-00035,Male,0,64,Month-to-month,Electronic check,Fiber optic,81.0,5184.0,1,No
CUST-00036,Female,1,5,Month-to-month,Credit card,DSL,43.98,219.9,4,Yes
CUST-00037,Male,0,62,One year,Mailed check,Fiber optic,60.16,3729.92,1,No
CUST-00038,Female,0,60,One year,Credit card,No,18.0,1080.0,2,No
CUST-00039,Male,0,20,Two year,Electronic check,DSL,48.75,975.0,0,No
CUST-00040,Female,0,46,Month-to-month,Electronic check,Fiber optic,71.49,3288.54,2,Yes
CUST-00041,Male,0,12,Two year,Credit card,DSL,49.09,589.08,1,No
CUST-00042,Female,0,55,Month-to-month,Mailed check,DSL,48.46,2665.3,1,No
CUST-00043,Female,1,51,Month-to-month,Bank transfer,No,18.0,918.0,3,No
CUST-00044,Female,0,26,Month-to-month,Credit card,Fiber optic,79.9,2077.4,1,No
CUST-00045,Male,0,5,Month-to-month,Bank transfer,Fiber optic,86.6,433.0,2,Yes
CUST-00046,Male,0,70,Month-to-month,Electronic check,DSL,37.99,2659.3,1,No
CUST-00047,Female,0,33,Month-to-month,Mailed check,No,18.35,605.55,0,Yes
CUST-00048,Male,0,65,One year,Electronic check,DSL,54.2,,2,No
CUST-00049,Male,0,49,Month-to-month,Electronic check,Fiber optic,73.14,3583.86,1,Yes
CUST-00050,Female,0,57,Month-to-month,Electronic check,DSL,48.67,2774.19,0,No
CUST-00051,Male,0,55,Month-to-month,Credit card,DSL,36.37,2000.35,2,No
CUST-00052,Male,0,15,Month-to-month,Bank transfer,Fiber optic,78.71,1180.65,3,Yes
CUST-00053,Female,0,27,Month-to-month,Electronic check,DSL,48.57,1311.39,0,Yes
CUST-00054,Female,0,34,Month-to-month,Electronic check,Fiber optic,60.76,2065.84,1,Yes
CUST-00055,Female,1,36,Month-to-month,Bank transfer,DSL,40.73,1466.28,2,No
CUST-00056,Female,0,4,One year,Credit card,Fiber optic,83.43,333.72,0,No
CUST-00057,Male,0,40,Two year,Electronic check,Fiber optic,81.81,3272.4,1,No
CUST-00058,Male,1,12,Month-to-month,Electronic check,Fiber optic,75.82,909.84,0,Yes
CUST-00059,Female,0,54,One year,Credit card,DSL,36.16,1952.64,4,No
CUST-00060,Female,0,50,Two year,Credit card,Fiber optic,85.03,4251.5,2,No
CUST-00061,Male,0,67,Two year,Credit card,No,18.0,1206.0,2,No
CUST-00062,Female,0,54,One year,Electronic check,DSL,49.36,2665.44,1,No
CUST-00063,Female,0,27,Two year,Electronic check,DSL,48.04,1297.08,0,No
CUST-00064,Male,0,70,Two year,Mailed check,No,18.0,1260.0,0,No
CUST-00065,Female,0,30,One year,Electronic check,DSL,53.58,1607.4,1,No
CUST-00066,Male,0,24,Month-to-month,Credit card,Fiber optic,75.25,1806.0,1,Yes
CUST-00067,Male,0,66,Month-to-month,Electronic check,Fiber optic,89.52,5908.32,0,No
CUST-00068,Female,1,27,Month-to-month,Bank transfer,DSL,55.57,1500.39,0,No
CUST-00069,Male,0,6,Month-to-month,Credit card,Fiber optic,88.4,530.4,1,Yes
CUST-00070,Male,0,34,Month-to-month,Credit card,Fiber optic,78.56,2671.04,2,No
CUST-00071,Female,0,58,Month-to-month,Bank transfer,DSL,65.38,3792.04,2,Yes
CUST-00072,Male,0,14,One year,Credit card,No,21.21,296.94,2,No
CUST-00073,Male,0,34,One year,Electronic check,DSL,46.93,1595.62,1,No
CUST-00074,Female,0,10,Two year,Mailed check,Fiber optic,79.82,798.2,3,No
CUST-00075,Male,0,50,Month-to-month,Electronic check,No,18.0,900.0,2,No
CUST-00076,Female,1,35,Month-to-month,Credit card,DSL,55.36,1937.6,1,No
CUST-00077,Male,0,24,One year,Credit card,No,18.0,432.0,0,No
CUST-00078,Female,1,17,Two year,Electronic check,DSL,52.36,890.12,0,No
CUST-00079,Male,0,41,Two year,Electronic check,Fiber optic,89.28,3660.48,1,No
CUST-00080,Female,0,49,Two year,Mailed check,DSL,49.83,2441.67,1,No
CUST-00081,Female,1,68,Two year,Electronic check,Fiber optic,74.46,5063.28,2,No
CUST-00082,Female,1,32,Month-to-month,Credit card,Fiber optic,77.27,2472.64,0,No
CUST-00083,Male,0,12,Month-to-month,Electronic check,No,18.0,216.0,1,No
CUST-00084,Male,0,60,Month-to-month,Credit card,No,19.07,1144.2,2,No
CUST-00085,Female,1,46,One year,Bank transfer,Fiber optic,86.42,3975.32,0,Yes
CUST-00086,Male,0,51,Two year,Mailed check,Fiber optic,78.1,3983.1,3,No
CUST-00087,Female,0,8,Month-to-month,Electronic check,Fiber optic,75.28,602.24,2,Yes
CUST-00088,Female,0,23,One year,Credit card,No,18.0,414.0,2,No
CUST-00089,Female,0,56,Month-to-month,Bank transfer,Fiber optic,89.72,5024.32,1,No
CUST-00090,Male,0,60,Month-to-month,Mailed check,No,19.57,1174.2,1,No
CUST-00091,Female,0,32,Month-to-month,Mailed check,DSL,59.86,1915.52,1,No
CUST-00092,Female,0,58,Month-to-month,Credit card,Fiber optic,75.43,4374.94,2,No
CUST-00093,Male,0,61,Two year,Credit card,Fiber optic,81.74,4986.14,1,No
CUST-00094,Female,0,28,Month-to-month,Credit card,DSL,41.53,1162.84,2,Yes
CUST-00095,Male,0,65,Two year,Bank transfer,DSL,61.6,4004.0,3,No
CUST-00096,Male,0,21,One year,Credit card,No,21.44,450.24,1,Yes
CUST-00097,Male,0,18,Month-to-month,Electronic check,Fiber optic,97.02,1746.36,4,Yes
CUST-00098,Female,0,50,Month-to-month,Bank transfer,DSL,41.64,2082.0,2,No
CUST-00099,Female,1,46,Two year,Mailed check,DSL,57.22,2632.12,4,No
CUST-00100,Female,0,11,Month-to-month,Bank transfer,Fiber optic,80.94,890.34,1,No
CUST-00101,Female,0,60,Two year,Credit card,Fiber optic,86.69,5201.4,1,No
CUST-00102,Female,0,15,Month-to-month,Credit card,No,18.0,270.0,1,Yes
CUST-00103,Male,0,58,One year,Mailed check,No,22.79,1321.82,0,No
CUST-00104,Male,0,1,Two year,Bank transfer,Fiber optic,71.45,71.45,0,Yes
CUST-00105,Male,0,58,Month-to-month,Credit card,Fiber optic,82.06,4759.48,1,No
CUST-00106,Female,0,57,Month-to-month,Credit card,DSL,32.85,1872.45,0,No
CUST-00107,Male,0,57,Two year,Credit card,No,19.25,1097.25,0,No
CUST-00108,Male,0,48,Month-to-month,Electronic check,DSL,53.76,2580.48,2,No
CUST-00109,Male,0,34,Month-to-month,Electronic check,DSL,49.38,1678.92,1,Yes
CUST-00110,Female,0,51,Month-to-month,Credit card,No,18.0,918.0,0,No
CUST-00111,Female,0,20,Month-to-month,Bank transfer,No,18.0,360.0,1,No
CUST-00112,Female,0,57,One year,Bank transfer,DSL,48.98,2791.86,0,No
CUST-00113,Male,0,41,One year,Bank transfer,Fiber optic,92.65,3798.65,0,No
CUST-00114,Male,0,34,Month-to-month,Mailed check,Fiber optic,72.29,2457.86,2,No
CUST-00115,Female,0,37,Two year,Mailed check,DSL,61.78,2285.86,3,No
CUST-00116,Male,0,41,Month-to-month,Credit card,DSL,44.95,1842.95,4,No
CUST-00117,Female,0,3,Month-to-month,Electronic check,DSL,29.33,87.99,2,No
CUST-00118,Female,0,11,One year,Bank transfer,Fiber optic,67.51,742.61,0,No
CUST-00119,Male,0,18,Two year,Bank transfer,Fiber optic,86.16,1550.88,1,Yes
CUST-00120,Female,0,9,Month-to-month,Credit card,Fiber optic,81.04,729.36,3,Yes
CUST-00121,Male,0,32,Month-to-month,Electronic check,DSL,56.86,1819.52,3,No
CUST-00122,Male,0,49,Month-to-month,Bank transfer,No,18.0,882.0,0,No
CUST-00123,Female,0,48,Two year,Electronic check,Fiber optic,80.95,3885.6,0,No
CUST-00124,Female,1,34,Month-to-month,Electronic check,No,20.05,681.7,0,No
CUST-00125,Male,1,62,Month-to-month,Mailed check,DSL,43.86,2719.32,1,No
CUST-00126,Female,0,41,One year,Electronic check,Fiber optic,76.94,3154.54,0,No
CUST-00127,Female,0,6,Month-to-month,Credit card,No,18.0,108.0,1,Yes
CUST-00128,Male,0,56,Month-to-month,Credit card,DSL,46.4,2598.4,0,No
CUST-00129,Female,0,42,Month-to-month,Electronic check,DSL,47.42,1991.64,3,No
CUST-00130,Female,1,46,Month-to-month,Credit card,DSL,47.02,2162.92,1,No
CUST-00131,Male,0,41,Month-to-month,Mailed check,DSL,54.65,2240.65,3,No
CUST-00132,Male,0,40,Two year,Bank transfer,Fiber optic,70.39,2815.6,2,No
CUST-00133,Female,0,7,One year,Credit card,DSL,30.51,213.57,1,Yes
CUST-00134,Male,0,41,One year,Bank transfer,DSL,53.14,2178.74,2,No
CUST-00135,Female,1,58,Two year,Electronic check,Fiber optic,72.45,4202.1,0,No
CUST-00136,Female,0,22,Month-to-month,Electronic check,DSL,41.96,923.12,2,No
CUST-00137,Female,0,44,Month-to-month,Mailed check,DSL,40.1,1764.4,0,No
CUST-00138,Male,0,3,Two year,Credit card,Fiber optic,74.93,224.79,1,No
CUST-00139,Male,0,26,Month-to-month,Bank transfer,DSL,33.33,866.58,2,Yes
CUST-00140,Female,0,32,One year,Mailed check,DSL,40.44,1294.08,1,No
CUST-00141,Male,0,71,One year,Electronic check,DSL,50.19,3563.49,0,No
CUST-00142,Female,0,16,Month-to-month,Credit card,DSL,44.97,719.52,1,No
CUST-00143,Female,1,20,Month-to-month,Electronic check,Fiber optic,84.04,1680.8,2,No
CUST-00144,Female,0,30,Month-to-month,Bank transfer,DSL,41.03,1230.9,2,No
CUST-00145,Female,0,72,Month-to-month,Bank transfer,DSL,52.22,3759.84,2,No
CUST-00146,Male,0,62,Month-to-month,Electronic check,No,18.0,1116.0,1,No
CUST-00147,Male,0,3,Month-to-month,Electronic check,No,18.0,54.0,1,No
CUST-00148,Male,0,17,One year,Mailed check,DSL,47.53,808.01,3,No
CUST-00149,Female,0,60,Two year,Electronic check,DSL,51.14,3068.4,1,No
CUST-00150,Female,0,5,Two year,Bank transfer,Fiber optic,75.53,377.65,1,No
CUST-00151,Female,0,62,Month-to-month,Credit card,No,29.59,1834.58,2,No
CUST-00152,Female,1,21,Month-to-month,Electronic check,No,18.0,378.0,5,No
CUST-00153,Male,0,67,Month-to-month,Mailed check,DSL,50.37,3374.79,1,No
CUST-00154,Female,0,22,Month-to-month,Electronic check,DSL,58.96,1297.12,1,No
CUST-00155,Male,0,32,Two year,Electronic check,Fiber optic,80.29,2569.28,3,No
CUST-00156,Male,0,48,Month-to-month,Bank transfer,No,18.19,873.12,1,Yes
CUST-00157,Male,1,10,Month-to-month,Credit card,No,19.15,191.5,2,Yes
CUST-00158,Male,0,41,Two year,Credit card,DSL,58.03,2379.23,2,No
CUST-00159,Female,0,37,Month-to-month,Electronic check,Fiber optic,83.22,3079.14,0,No
CUST-00160,Male,1,57,Month-to-month,Bank transfer,DSL,62.15,3542.55,1,No
CUST-00161,Male,0,72,Month-to-month,Mailed check,Fiber optic,82.23,5920.56,0,No
CUST-00162,Female,0,48,One year,Credit card,No,18.0,864.0,1,No
CUST-00163,Female,0,30,One year,Bank transfer,Fiber optic,75.33,2259.9,1,No
CUST-00164,Male,0,30,Month-to-month,Credit card,DSL,45.49,1364.7,2,Yes
CUST-00165,Male,0,31,Two year,Electronic check,Fiber optic,63.67,1973.77,2,No
CUST-00166,Female,0,59,Two year,Mailed check,Fiber optic,76.2,4495.8,2,No
CUST-00167,Female,0,24,Two year,Credit card,No,18.0,432.0,1,No
CUST-00168,Male,1,13,Month-to-month,Mailed check,DSL,46.92,609.96,3,No
CUST-00169,Male,0,25,Month-to-month,Bank transfer,No,35.53,888.25,0,No
CUST-00170,Male,0,2,Two year,Mailed check,DSL,45.44,90.88,1,No
CUST-00171,Male,0,8,Month-to-month,Credit card,DSL,29.62,236.96,4,Yes
CUST-00172,Female,1,7,One year,Electronic check,DSL,37.69,263.83,0,Yes
CUST-00173,Male,0,56,One year,Credit card,DSL,47.1,2637.6,2,No
CUST-00174,Female,0,53,Month-to-month,Mailed check,DSL,45.74,2424.22,0,No
CUST-00175,Male,1,51,One year,Mailed check,Fiber optic,93.0,4743.0,1,No
CUST-00176,Female,0,34,Two year,Mailed check,DSL,52.68,1791.12,1,No
CUST-00177,Female,0,52,One year,Electronic check,DSL,52.44,2726.88,1,No
CUST-00178,Male,1,12,Month-to-month,Credit card,DSL,43.26,519.12,2,Yes
CUST-00179,Female,0,65,Two year,Credit card,DSL,53.79,3496.35,5,No
CUST-00180,Female,0,37,Month-to-month,Credit card,No,18.0,666.0,1,No
CUST-00181,Female,0,68,One year,Credit card,No,27.75,1887.0,3,No
CUST-00182,Male,0,11,Two year,Bank transfer,DSL,42.74,470.14,2,No
CUST-00183,Male,1,36,One year,Mailed check,Fiber optic,68.42,2463.12,2,No
CUST-00184,Female,0,51,Month-to-month,Credit card,Fiber optic,84.75,4322.25,2,No
CUST-00185,Male,0,36,Month-to-month,Electronic check,No,31.18,1122.48,1,No
CUST-00186,Female,0,33,Month-to-month,Credit card,DSL,41.75,1377.75,1,No
CUST-00187,Female,0,12,Month-to-month,Mailed check,DSL,57.5,690.0,0,No
CUST-00188,Male,0,28,Month-to-month,Bank transfer,Fiber optic,66.75,1869.0,3,No
CUST-00189,Male,0,18,One year,Mailed check,No,18.0,324.0,2,No
CUST-00190,Female,0,22,Month-to-month,Mailed check,Fiber optic,78.83,1734.26,1,No
CUST-00191,Male,0,50,One year,Electronic check,Fiber optic,77.03,3851.5,1,No
CUST-00192,Male,0,46,Two year,Mailed check,DSL,39.66,1824.36,1,No
CUST-00193,Female,0,44,Month-to-month,Mailed check,Fiber optic,81.07,3567.08,0,No
CUST-00194,Male,0,27,One year,Electronic check,No,18.0,486.0,0,No
CUST-00195,Male,0,70,One year,Electronic check,Fiber optic,77.13,5399.1,0,No
CUST-00196,Male,0,7,Month-to-month,Bank transfer,Fiber optic,82.23,575.61,3,Yes
CUST-00197,Male,0,25,Month-to-month,Electronic check,Fiber optic,74.66,1866.5,1,Yes
CUST-00198,Male,0,9,One year,Credit card,Fiber optic,79.15,712.35,1,No
CUST-00199,Male,0,25,Two year,Electronic check,Fiber optic,74.84,1871.0,1,No
CUST-00200,Female,0,70,One year,Bank transfer,Fiber optic,70.36,4925.2,0,No
CUST-00201,Male,1,27,Two year,Electronic check,No,26.11,704.97,1,Yes
CUST-00202,Female,0,66,Two year,Mailed check,Fiber optic,93.66,6181.56,0,No
CUST-00203,Male,0,36,Month-to-month,Bank transfer,DSL,53.52,1926.72,1,Yes
CUST-00204,Female,1,51,One year,Bank transfer,Fiber optic,82.65,4215.15,1,No
CUST-00205,Male,0,33,Month-to-month,Mailed check,DSL,39.87,1315.71,2,No
CUST-00206,Female,0,20,Two year,Mailed check,DSL,42.7,854.0,2,No
CUST-00207,Male,0,56,Month-to-month,Electronic check,DSL,53.46,2993.76,2,No
CUST-00208,Female,0,70,Month-to-month,Mailed check,Fiber optic,61.75,4322.5,1,No
CUST-00209,Female,0,19,Two year,Mailed check,DSL,42.09,799.71,4,No
CUST-00210,Male,0,57,Month-to-month,Bank transfer,DSL,50.87,2899.59,3,No
CUST-00211,Female,0,19,One year,Mailed check,Fiber optic,70.89,1346.91,1,No
CUST-00212,Male,0,52,Month-to-month,Credit card,DSL,48.39,2516.28,3,No
CUST-00213,Male,0,57,Two year,Mailed check,Fiber optic,83.02,4732.14,1,No
CUST-00214,Male,1,33,Two year,Electronic check,No,18.0,594.0,1,No
CUST-00215,Female,0,54,Month-to-month,Electronic check,Fiber optic,80.7,4357.8,1,No
CUST-00216,Female,0,20,One year,Electronic check,DSL,40.06,801.2,2,No
CUST-00217,Female,0,6,Month-to-month,Mailed check,DSL,48.33,289.98,2,Yes
CUST-00218,Female,0,7,One year,Credit card,Fiber optic,85.36,597.52,2,Yes
CUST-00219,Female,1,33,One year,Bank transfer,Fiber optic,83.19,2745.27,2,No
CUST-00220,Female,0,65,Two year,Mailed check,DSL,45.58,2962.7,2,No
CUST-00221,Female,0,10,Month-to-month,Electronic check,Fiber optic,82.31,823.1,1,Yes
CUST-00222,Male,0,33,Month-to-month,Credit card,Fiber optic,70.59,2329.47,2,No
CUST-00223,Female,0,51,One year,Electronic check,DSL,44.75,2282.25,1,No
CUST-00224,Male,0,15,One year,Mailed check,Fiber optic,73.63,1104.45,2,No
CUST-00225,Male,0,52,Month-to-month,Credit card,DSL,53.25,2769.0,1,No
CUST-00226,Female,0,23,Month-to-month,Mailed check,DSL,50.47,1160.81,3,No
CUST-00227,Male,0,59,Month-to-month,Electronic check,No,25.44,1500.96,3,No
CUST-00228,Male,0,42,Two year,Electronic check,DSL,58.71,2465.82,1,No
CUST-00229,Female,1,40,Month-to-month,Bank transfer,Fiber optic,77.36,3094.4,0,No
CUST-00230,Female,0,13,Month-to-month,Electronic check,Fiber optic,75.61,982.93,1,No
CUST-00231,Male,0,34,Two year,Bank transfer,DSL,42.17,1433.78,5,No
CUST-00232,Male,1,62,Month-to-month,Mailed check,No,18.0,1116.0,1,No
CUST-00233,Male,0,2,One year,Electronic check,DSL,32.81,65.62,0,No
CUST-00234,Male,0,55,Month-to-month,Electronic check,DSL,49.97,2748.35,2,Yes
CUST-00235,Male,1,36,Two year,Credit card,No,18.0,648.0,2,No
CUST-00236,Female,1,52,One year,Mailed check,Fiber optic,71.4,3712.8,1,No
CUST-00237,Male,0,48,Two year,Bank transfer,Fiber optic,79.19,3801.12,2,No
CUST-00238,Female,0,32,Month-to-month,Mailed check,DSL,41.7,1334.4,0,No
CUST-00239,Male,1,23,Month-to-month,Electronic check,DSL,52.09,1198.07,1,No
CUST-00240,Female,0,46,One year,Mailed check,Fiber optic,80.48,3702.08,2,No
CUST-00241,Female,0,11,Month-to-month,Mailed check,DSL,38.61,424.71,1,No
CUST-00242,Male,0,43,Month-to-month,Mailed check,DSL,52.77,2269.11,2,No
CUST-00243,Female,0,7,Month-to-month,Credit card,Fiber optic,85.83,600.81,2,No
CUST-00244,Male,0,47,Two year,Credit card,DSL,33.71,1584.37,0,No
CUST-00245,Female,1,46,One year,Credit card,DSL,47.02,2162.92,0,No
CUST-00246,Female,0,7,One year,Bank transfer,DSL,39.28,274.96,2,No
CUST-00247,Female,0,55,One year,Mailed check,Fiber optic,74.07,4073.85,1,No
CUST-00248,Female,0,30,Month-to-month,Bank transfer,Fiber optic,94.96,2848.8,1,No
CUST-00249,Female,0,57,Month-to-month,Electronic check,No,20.99,1196.43,2,No
CUST-00250,Male,0,3,Month-to-month,Credit card,DSL,43.26,129.78,1,No
CUST-00251,Male,0,13,One year,Credit card,DSL,45.68,593.84,1,No
CUST-00252,Female,0,36,Month-to-month,Electronic check,Fiber optic,86.99,3131.64,1,Yes
CUST-00253,Female,0,14,Two year,Credit card,Fiber optic,74.39,1041.46,0,No
CUST-00254,Male,0,24,Two year,Credit card,Fiber optic,75.75,1818.0,3,No
CUST-00255,Female,0,48,Month-to-month,Mailed check,No,25.25,1212.0,0,No
CUST-00256,Male,1,11,One year,Credit card,Fiber optic,67.87,746.57,2,No
CUST-00257,Male,0,49,Month-to-month,Electronic check,Fiber optic,87.93,4308.57,2,No
CUST-00258,Female,0,8,Two year,Electronic check,No,18.0,144.0,2,No
CUST-00259,Female,0,13,Two year,Electronic check,DSL,43.03,559.39,2,No
CUST-00260,Female,0,43,Two year,Bank transfer,No,18.0,774.0,1,No
CUST-00261,Female,0,58,Month-to-month,Mailed check,Fiber optic,71.55,4149.9,4,Yes
CUST-00262,Male,0,13,Month-to-month,Credit card,Fiber optic,90.38,1174.94,1,Yes
CUST-00263,Female,0,22,Month-to-month,Electronic check,No,28.36,623.92,0,No
CUST-00264,Male,0,67,Month-to-month,Electronic check,Fiber optic,89.21,5977.07,1,No
CUST-00265,Female,0,72,Month-to-month,Bank transfer,Fiber optic,68.41,4925.52,0,No
CUST-00266,Female,0,42,Month-to-month,Electronic check,DSL,36.59,1536.78,1,No
CUST-00267,Male,0,33,Two year,Bank transfer,Fiber optic,82.72,2729.76,3,No
CUST-00268,Female,0,25,Month-to-month,Mailed check,Fiber optic,85.72,2143.0,3,No
CUST-00269,Male,0,45,Month-to-month,Credit card,DSL,38.6,1737.0,0,No
CUST-00270,Female,0,43,Two year,Bank transfer,Fiber optic,75.37,3240.91,1,No
CUST-00271,Male,1,22,One year,Electronic check,Fiber optic,70.95,1560.9,5,Yes
CUST-00272,Male,0,2,One year,Electronic check,Fiber optic,93.27,186.54,1,No
CUST-00273,Female,0,11,One year,Electronic check,DSL,41.2,453.2,3,Yes
CUST-00274,Female,0,70,Two year,Credit card,Fiber optic,80.25,5617.5,2,No
CUST-00275,Male,0,31,One year,Bank transfer,DSL,45.67,1415.77,2,No
CUST-00276,Female,0,35,Month-to-month,Mailed check,DSL,53.84,1884.4,0,Yes
CUST-00277,Female,1,34,One year,Electronic check,Fiber optic,72.38,2460.92,1,Yes
CUST-00278,Female,0,57,Month-to-month,Credit card,DSL,54.35,3097.95,3,No
CUST-00279,Female,0,5,Month-to-month,Electronic check,DSL,34.77,173.85,0,No
CUST-00280,Male,0,6,Month-to-month,Bank transfer,Fiber optic,89.33,535.98,1,No
CUST-00281,Female,0,20,Month-to-month,Bank transfer,DSL,31.28,625.6,2,Yes
CUST-00282,Female,1,36,One year,Electronic check,No,19.16,689.76,2,No
CUST-00283,Female,1,49,Month-to-month,Mailed check,No,33.0,1617.0,0,No
CUST-00284,Female,0,36,Month-to-month,Electronic check,Fiber optic,85.58,3080.88,5,No
CUST-00285,Female,0,32,Month-to-month,Mailed check,No,23.37,747.84,1,No
CUST-00286,Female,0,68,Two year,Credit card,No,18.0,1224.0,3,No
CUST-00287,Female,0,12,Month-to-month,Bank transfer,DSL,39.12,469.44,1,No
CUST-00288,Female,0,42,One year,Credit card,Fiber optic,90.76,3811.92,2,No
CUST-00289,Female,1,40,Two year,Mailed check,DSL,48.78,1951.2,0,No
CUST-00290,Female,0,35,Month-to-month,Electronic check,Fiber optic,87.12,3049.2,2,No
CUST-00291,Male,0,59,One year,Bank transfer,Fiber optic,80.59,4754.81,2,No
CUST-00292,Male,0,20,Month-to-month,Mailed check,DSL,42.75,855.0,0,No
CUST-00293,Female,0,69,Month-to-month,Electronic check,DSL,51.13,3527.97,4,No
CUST-00294,Male,0,24,One year,Mailed check,No,22.07,529.68,3,No
CUST-00295,Female,0,40,Two year,Bank transfer,DSL,43.64,1745.6,1,No
CUST-00296,Female,0,38,Month-to-month,Bank transfer,DSL,33.69,1280.22,3,No
CUST-00297,Male,1,62,One year,Electronic check,DSL,52.63,3263.06,0,No
CUST-00298,Male,0,32,Month-to-month,Credit card,Fiber optic,83.52,2672.64,3,No
CUST-00299,Male,0,21,One year,Mailed check,No,18.0,378.0,1,No
CUST-00300,Male,0,2,One year,Electronic check,Fiber optic,89.43,178.86,2,Yes
CUST-00301,Female,0,27,One year,Electronic check,Fiber optic,81.95,2212.65,2,No
CUST-00302,Female,0,60,One year,Credit card,DSL,47.11,2826.6,0,No
CUST-00303,Male,1,1,Month-to-month,Mailed check,DSL,52.07,52.07,2,No
CUST-00304,Male,0,65,One year,Mailed check,Fiber optic,85.35,5547.75,1,Yes
CUST-00305,Male,0,40,One year,Electronic check,No,22.35,,2,No
CUST-00306,Female,0,11,One year,Bank transfer,Fiber optic,78.49,863.39,1,Yes
CUST-00307,Female,0,22,Month-to-month,Credit card,Fiber optic,95.87,2109.14,1,No
CUST-00308,Male,0,40,Month-to-month,Electronic check,Fiber optic,74.13,2965.2,1,No
CUST-00309,Female,0,23,Month-to-month,Credit card,Fiber optic,85.97,1977.31,2,Yes
CUST-00310,Male,0,8,Month-to-month,Electronic check,Fiber optic,79.33,634.64,1,Yes
CUST-00311,Female,1,48,Month-to-month,Electronic check,Fiber optic,83.64,4014.72,1,No
CUST-00312,Male,0,49,Month-to-month,Bank transfer,Fiber optic,89.87,4403.63,4,No
CUST-00313,Female,0,9,One year,Bank transfer,Fiber optic,77.51,697.59,1,No
CUST-00314,Female,0,21,Month-to-month,Electronic check,No,24.81,521.01,2,Yes
CUST-00315,Male,0,18,Two year,Bank transfer,Fiber optic,82.12,1478.16,3,No
CUST-00316,Female,0,48,Month-to-month,Electronic check,DSL,39.87,1913.76,2,No
CUST-00317,Female,1,53,One year,Bank transfer,DSL,55.06,2918.18,1,No
CUST-00318,Male,0,53,Month-to-month,Bank transfer,Fiber optic,85.69,4541.57,2,Yes
CUST-00319,Male,0,68,Month-to-month,Credit card,Fiber optic,76.52,5203.36,4,No
CUST-00320,Male,1,56,One year,Mailed check,Fiber optic,88.83,4974.48,2,Yes
CUST-00321,Female,0,24,Two year,Bank transfer,Fiber optic,73.35,1760.4,1,No
CUST-00322,Male,0,8,Month-to-month,Bank transfer,DSL,44.77,358.16,3,No
CUST-00323,Male,0,45,Month-to-month,Electronic check,Fiber optic,76.57,3445.65,4,Yes
CUST-00324,Female,0,66,One year,Electronic check,Fiber optic,86.01,5676.66,0,No
CUST-00325,Female,0,71,One year,Credit card,Fiber optic,76.16,5407.36,0,No
CUST-00326,Female,0,17,Month-to-month,Electronic check,Fiber optic,86.07,1463.19,2,No
CUST-00327,Male,0,18,Month-to-month,Credit card,DSL,49.76,895.68,1,No
CUST-00328,Female,0,3,Month-to-month,Electronic check,Fiber optic,77.0,231.0,2,No
CUST-00329,Male,0,11,Two year,Credit card,Fiber optic,94.64,1041.04,0,No
CUST-00330,Male,0,40,Month-to-month,Electronic check,No,18.0,720.0,2,Yes
CUST-00331,Female,0,40,Month-to-month,Credit card,Fiber optic,68.73,2749.2,2,No
CUST-00332,Female,0,27,Two year,Bank transfer,DSL,51.85,1399.95,3,No
CUST-00333,Female,0,23,Month-to-month,Electronic check,Fiber optic,62.8,1444.4,0,No
CUST-00334,Male,0,60,Month-to-month,Bank transfer,Fiber optic,91.93,5515.8,3,Yes
CUST-00335,Female,0,34,Month-to-month,Bank transfer,DSL,45.81,1557.54,0,No
CUST-00336,Male,0,59,Month-to-month,Electronic check,No,18.0,1062.0,1,No
CUST-00337,Male,0,70,Month-to-month,Electronic check,DSL,37.41,2618.7,4,No
CUST-00338,Male,0,23,Month-to-month,Bank transfer,DSL,31.93,734.39,1,No
CUST-00339,Female,0,15,One year,Bank transfer,DSL,48.06,720.9,2,No
CUST-00340,Male,0,69,One year,Electronic check,DSL,34.38,2372.22,0,No
CUST-00341,Female,0,46,Month-to-month,Credit card,No,24.02,1104.92,3,Yes
CUST-00342,Male,1,21,One year,Electronic check,Fiber optic,77.56,1628.76,5,Yes
CUST-00343,Female,0,45,Month-to-month,Electronic check,DSL,41.2,1854.0,4,Yes
CUST-00344,Female,1,38,Two year,Bank transfer,Fiber optic,84.07,3194.66,2,No
CUST-00345,Female,0,66,Month-to-month,Electronic check,Fiber optic,84.99,5609.34,1,Yes
CUST-00346,Male,0,19,One year,Electronic check,DSL,54.17,1029.23,2,No
CUST-00347,Male,0,72,Month-to-month,Mailed check,DSL,39.93,2874.96,1,No
CUST-00348,Female,0,68,One year,Electronic check,Fiber optic,79.76,5423.68,6,Yes
CUST-00349,Male,1,14,Month-to-month,Electronic check,DSL,39.92,558.88,0,No
CUST-00350,Female,0,12,One year,Bank transfer,Fiber optic,81.3,975.6,1,No
CUST-00351,Male,1,39,Month-to-month,Mailed check,DSL,38.77,1512.03,4,Yes
CUST-00352,Female,0,4,Two year,Credit card,Fiber optic,76.61,306.44,1,No
CUST-00353,Male,0,22,Month-to-month,Bank transfer,No,18.0,396.0,1,No
CUST-00354,Male,0,32,One year,Mailed check,DSL,47.35,1515.2,2,No
CUST-00355,Male,0,70,Two year,Electronic check,DSL,45.02,3151.4,1,No
CUST-00356,Female,0,72,Two year,Credit card,No,24.05,1731.6,0,No
CUST-00357,Female,1,11,Month-to-month,Electronic check,Fiber optic,79.14,870.54,0,Yes
CUST-00358,Male,0,65,Month-to-month,Electronic check,Fiber optic,75.36,4898.4,1,No
CUST-00359,Male,1,7,Month-to-month,Credit card,DSL,46.53,325.71,3,No
CUST-00360,Male,1,54,Month-to-month,Bank transfer,DSL,37.66,2033.64,0,No
CUST-00361,Female,0,61,One year,Bank transfer,Fiber optic,84.55,5157.55,1,No
CUST-00362,Male,0,65,Two year,Electronic check,No,18.0,1170.0,1,No
CUST-00363,Male,0,17,Two year,Electronic check,DSL,46.64,792.88,2,No
CUST-00364,Female,0,65,Month-to-month,Mailed check,Fiber optic,81.76,5314.4,2,No
CUST-00365,Female,1,9,One year,Bank transfer,Fiber optic,92.81,835.29,1,Yes
CUST-00366,Female,1,38,Two year,Mailed check,DSL,48.05,1825.9,0,No
CUST-00367,Female,1,34,Two year,Electronic check,DSL,45.59,1550.06,1,No
CUST-00368,Female,0,23,Month-to-month,Electronic check,DSL,39.46,907.58,1,Yes
CUST-00369,Female,0,2,Month-to-month,Bank transfer,Fiber optic,86.42,172.84,4,Yes
CUST-00370,Female,0,56,Two year,Bank transfer,Fiber optic,77.84,4359.04,1,No
CUST-00371,Female,1,25,Month-to-month,Electronic check,Fiber optic,67.8,1695.0,2,Yes
CUST-00372,Female,0,48,Month-to-month,Electronic check,DSL,43.44,2085.12,2,No
CUST-00373,Male,0,30,Two year,Electronic check,Fiber optic,81.53,2445.9,3,Yes
CUST-00374,Female,0,27,Two year,Electronic check,Fiber optic,73.45,1983.15,2,No
CUST-00375,Female,0,64,Two year,Mailed check,Fiber optic,79.05,5059.2,1,No
CUST-00376,Female,0,7,One year,Electronic check,Fiber optic,79.43,556.01,0,No
CUST-00377,Female,0,54,Month-to-month,Bank transfer,DSL,44.55,2405.7,0,No
CUST-00378,Male,1,54,Month-to-month,Credit card,Fiber optic,89.88,4853.52,1,No
CUST-00379,Male,0,28,Month-to-month,Credit card,Fiber optic,69.51,1946.28,2,No
CUST-00380,Female,0,19,One year,Credit card,Fiber optic,96.27,1829.13,1,No
CUST-00381,Female,0,1,Month-to-month,Electronic check,DSL,44.74,44.74,3,Yes
CUST-00382,Female,0,68,One year,Electronic check,Fiber optic,84.64,5755.52,1,No
CUST-00383,Female,0,69,Month-to-month,Electronic check,Fiber optic,81.02,5590.38,4,Yes
CUST-00384,Female,0,18,One year,Bank transfer,DSL,31.19,561.42,2,No
CUST-00385,Male,0,3,Month-to-month,Electronic check,No,18.0,54.0,0,No
CUST-00386,Male,0,9,Month-to-month,Mailed check,No,18.0,162.0,1,Yes
CUST-00387,Female,0,5,Month-to-month,Electronic check,DSL,52.95,264.75,2,Yes
CUST-00388,Male,0,60,Month-to-month,Electronic check,Fiber optic,68.93,4135.8,2,No
CUST-00389,Male,0,65,Two year,Bank transfer,Fiber optic,73.15,4754.75,1,No
CUST-00390,Female,0,12,Month-to-month,Bank transfer,No,21.32,255.84,1,No
CUST-00391,Female,0,54,Month-to-month,Mailed check,DSL,48.78,2634.12,0,No
CUST-00392,Male,0,13,One year,Credit card,DSL,48.54,631.02,1,Yes
CUST-00393,Male,0,27,One year,Electronic check,Fiber optic,72.13,1947.51,1,No
CUST-00394,Male,0,44,Month-to-month,Electronic check,DSL,32.22,1417.68,2,No
CUST-00395,Male,0,52,Month-to-month,Mailed check,Fiber optic,84.31,4384.12,1,No
CUST-00396,Female,0,63,Month-to-month,Bank transfer,Fiber optic,91.46,5761.98,1,No
CUST-00397,Male,0,4,One year,Bank transfer,DSL,42.24,168.96,2,No
CUST-00398,Female,0,15,Month-to-month,Electronic check,Fiber optic,70.84,1062.6,3,Yes
CUST-00399,Male,0,21,Month-to-month,Credit card,No,18.0,378.0,2,Yes
CUST-00400,Female,0,23,Month-to-month,Electronic check,Fiber optic,83.15,1912.45,0,Yes
CUST-00401,Male,0,72,One year,Mailed check,Fiber optic,78.13,5625.36,0,Yes
CUST-00402,Female,0,56,Month-to-month,Bank transfer,DSL,56.26,3150.56,2,No
CUST-00403,Female,0,24,Two year,Credit card,DSL,52.4,1257.6,2,No
CUST-00404,Male,0,70,Month-to-month,Bank transfer,No,21.47,1502.9,2,No
CUST-00405,Male,1,36,One year,Credit card,Fiber optic,64.37,2317.32,1,No
CUST-00406,Male,0,37,Month-to-month,Electronic check,Fiber optic,74.46,2755.02,0,No
CUST-00407,Male,0,32,Month-to-month,Bank transfer,No,18.0,576.0,3,No
CUST-00408,Female,0,11,Month-to-month,Credit card,DSL,39.03,429.33,7,Yes
CUST-00409,Female,0,68,Two year,Mailed check,Fiber optic,81.53,5544.04,3,No
CUST-00410,Male,0,2,Two year,Mailed check,DSL,46.69,93.38,1,No
CUST-00411,Male,0,13,Month-to-month,Credit card,DSL,31.61,410.93,1,Yes
CUST-00412,Female,0,17,Month-to-month,Electronic check,Fiber optic,86.44,1469.48,1,Yes
CUST-00413,Female,1,21,Two year,Mailed check,Fiber optic,80.13,1682.73,0,No
CUST-00414,Female,1,10,Month-to-month,Credit card,No,22.86,228.6,2,Yes
CUST-00415,Female,0,2,Month-to-month,Credit card,DSL,50.96,101.92,1,No
CUST-00416,Female,1,49,Month-to-month,Credit card,No,18.0,882.0,2,No
CUST-00417,Female,1,70,One year,Credit card,Fiber optic,90.07,6304.9,3,No
CUST-00418,Female,0,9,One year,Electronic check,Fiber optic,78.87,709.83,5,Yes
CUST-00419,Male,0,22,One year,Credit card,No,32.1,706.2,2,No
CUST-00420,Female,0,37,Two year,Mailed check,Fiber optic,72.85,2695.45,0,No
CUST-00421,Male,0,67,Month-to-month,Bank transfer,Fiber optic,91.51,6131.17,1,No
CUST-00422,Female,0,50,Month-to-month,Mailed check,DSL,37.77,1888.5,2,No
CUST-00423,Female,0,56,Month-to-month,Credit card,DSL,65.39,3661.84,2,No
CUST-00424,Male,0,42,Month-to-month,Bank transfer,No,18.0,756.0,0,No
CUST-00425,Male,0,31,Month-to-month,Credit card,Fiber optic,88.45,2741.95,1,Yes
CUST-00426,Male,0,15,Month-to-month,Electronic check,DSL,42.1,631.5,1,Yes
CUST-00427,Female,0,63,Month-to-month,Electronic check,DSL,50.72,3195.36,1,No
CUST-00428,Male,1,58,One year,Mailed check,Fiber optic,79.68,4621.44,1,No
CUST-00429,Male,1,2,Month-to-month,Electronic check,Fiber optic,71.27,142.54,0,Yes
CUST-00430,Female,0,52,Month-to-month,Bank transfer,DSL,22.63,1176.76,0,No
CUST-00431,Female,0,7,One year,Electronic check,Fiber optic,100.06,700.42,4,Yes
CUST-00432,Male,1,54,One year,Bank transfer,Fiber optic,80.58,4351.32,1,No
CUST-00433,Male,0,60,One year,Electronic check,Fiber optic,56.45,3387.0,1,No
CUST-00434,Female,1,10,Two year,Electronic check,DSL,47.42,474.2,2,No
CUST-00435,Female,0,32,One year,Bank transfer,Fiber optic,85.52,2736.64,0,No
CUST-00436,Female,0,9,Month-to-month,Electronic check,DSL,39.28,353.52,2,Yes
CUST-00437,Male,0,41,Month-to-month,Electronic check,Fiber optic,74.33,3047.53,0,No
CUST-00438,Male,0,67,One year,Electronic check,Fiber optic,79.84,5349.28,3,No
CUST-00439,Male,0,6,Month-to-month,Electronic check,Fiber optic,89.62,537.72,1,Yes
CUST-00440,Female,0,29,Month-to-month,Bank transfer,DSL,45.8,1328.2,1,No
CUST-00441,Male,1,71,Month-to-month,Electronic check,No,31.71,2251.41,0,No
CUST-00442,Male,0,22,Month-to-month,Mailed check,DSL,54.05,1189.1,5,No
CUST-00443,Male,0,10,Month-to-month,Bank transfer,Fiber optic,78.17,781.7,1,Yes
CUST-00444,Male,0,36,Month-to-month,Mailed check,No,18.0,648.0,1,No
CUST-00445,Female,0,37,Two year,Bank transfer,Fiber optic,78.19,2893.03,3,Yes
CUST-00446,Male,0,48,Two year,Electronic check,No,24.21,1162.08,1,Yes
CUST-00447,Female,0,23,Month-to-month,Credit card,Fiber optic,80.48,1851.04,0,No
CUST-00448,Male,0,69,Two year,Mailed check,Fiber optic,85.08,5870.52,3,No
CUST-00449,Male,0,38,Month-to-month,Electronic check,Fiber optic,86.91,3302.58,1,Yes
CUST-00450,Female,0,21,Two year,Credit card,Fiber optic,84.25,1769.25,0,No
CUST-00451,Female,0,70,Two year,Bank transfer,DSL,42.8,2996.0,2,No
CUST-00452,Female,0,67,Month-to-month,Bank transfer,Fiber optic,84.16,5638.72,3,No
CUST-00453,Male,0,36,One year,Credit card,DSL,62.88,2263.68,0,No
CUST-00454,Female,0,2,Two year,Electronic check,No,18.0,36.0,2,No
CUST-00455,Male,0,43,Two year,Credit card,DSL,48.9,2102.7,0,No
CUST-00456,Female,1,40,Two year,Bank transfer,DSL,59.66,2386.4,2,No
CUST-00457,Male,0,11,One year,Mailed check,No,18.0,198.0,0,No
CUST-00458,Female,0,46,Month-to-month,Electronic check,DSL,53.01,2438.46,0,No
CUST-00459,Male,0,61,Two year,Electronic check,Fiber optic,89.08,5433.88,1,No
CUST-00460,Female,0,8,One year,Credit card,Fiber optic,68.19,545.52,1,Yes
CUST-00461,Male,0,53,One year,Electronic check,DSL,50.7,2687.1,1,No
CUST-00462,Female,0,11,Month-to-month,Electronic check,DSL,42.83,471.13,2,No
CUST-00463,Female,0,54,One year,Bank transfer,Fiber optic,79.52,4294.08,3,No
CUST-00464,Male,0,31,Month-to-month,Bank transfer,DSL,42.4,1314.4,1,No
CUST-00465,Male,1,1,One year,Electronic check,DSL,55.5,55.5,0,No
CUST-00466,Female,0,70,Month-to-month,Credit card,DSL,44.1,3087.0,0,No
CUST-00467,Female,0,12,One year,Mailed check,Fiber optic,76.29,915.48,0,No
CUST-00468,Female,0,43,Two year,Credit card,DSL,41.43,1781.49,2,No
CUST-00469,Female,0,14,Month-to-month,Electronic check,DSL,42.27,591.78,2,Yes
CUST-00470,Male,0,68,Month-to-month,Electronic check,Fiber optic,71.36,4852.48,1,No
CUST-00471,Male,0,54,Month-to-month,Bank transfer,Fiber optic,76.22,4115.88,4,Yes
CUST-00472,Male,0,58,Two year,Electronic check,DSL,45.94,2664.52,4,No
CUST-00473,Male,0,32,One year,Mailed check,DSL,48.24,1543.68,0,No
CUST-00474,Male,0,34,Month-to-month,Electronic check,No,29.63,1007.42,0,Yes
CUST-00475,Female,0,46,Month-to-month,Credit card,Fiber optic,81.93,3768.78,3,Yes
CUST-00476,Male,0,57,Month-to-month,Credit card,Fiber optic,76.2,4343.4,1,Yes
CUST-00477,Male,0,61,Month-to-month,Credit card,Fiber optic,71.91,4386.51,3,No
CUST-00478,Female,0,2,Two year,Credit card,DSL,47.36,94.72,1,No
CUST-00479,Female,1,48,One year,Credit card,No,19.06,914.88,0,No
CUST-00480,Male,0,8,Month-to-month,Mailed check,No,19.33,154.64,1,No
CUST-00481,Female,1,21,Two year,Mailed check,No,22.1,464.1,1,No
CUST-00482,Female,0,60,Month-to-month,Credit card,DSL,49.16,2949.6,2,No
CUST-00483,Female,0,19,Two year,Credit card,DSL,47.16,896.04,2,No
CUST-00484,Female,0,58,Month-to-month,Credit card,DSL,43.64,2531.12,0,No
CUST-00485,Female,0,34,One year,Bank transfer,DSL,38.59,1312.06,2,No
CUST-00486,Male,0,17,Two year,Electronic check,DSL,40.1,681.7,0,No
CUST-00487,Female,0,25,Month-to-month,Credit card,Fiber optic,86.79,2169.75,3,Yes
CUST-00488,Female,0,39,One year,Credit card,DSL,41.61,1622.79,2,No
CUST-00489,Female,1,56,Two year,Bank transfer,No,18.0,1008.0,2,No
CUST-00490,Female,0,44,Month-to-month,Credit card,DSL,54.28,2388.32,1,Yes
CUST-00491,Female,0,68,Month-to-month,Bank transfer,DSL,37.46,2547.28,2,No
CUST-00492,Female,0,63,One year,Credit card,No,20.28,1277.64,1,No
CUST-00493,Male,0,55,Month-to-month,Electronic check,Fiber optic,83.93,4616.15,1,Yes
CUST-00494,Male,0,44,Month-to-month,Credit card,Fiber optic,80.03,3521.32,2,No
CUST-00495,Male,0,21,Month-to-month,Electronic check,Fiber optic,60.17,1263.57,2,No
CUST-00496,Female,1,30,One year,Electronic check,DSL,48.12,1443.6,4,Yes
CUST-00497,Female,0,9,Month-to-month,Electronic check,DSL,55.61,500.49,1,Yes
CUST-00498,Male,0,27,Month-to-month,Mailed check,Fiber optic,86.29,2329.83,1,Yes
CUST-00499,Male,0,67,Two year,Electronic check,Fiber optic,63.01,4221.67,2,No
CUST-00500,Male,0,31,Month-to-month,Credit card,Fiber optic,97.02,3007.62,2,Yes
CUST-00501,Male,0,9,Two year,Bank transfer,DSL,34.39,309.51,0,No
CUST-00502,Male,0,47,Month-to-month,Credit card,Fiber optic,71.37,3354.39,0,No
CUST-00503,Male,0,70,Two year,Electronic check,Fiber optic,86.26,6038.2,1,No
CUST-00504,Male,1,63,One year,Electronic check,DSL,48.62,3063.06,2,Yes
CUST-00505,Female,0,20,Month-to-month,Credit card,DSL,45.64,912.8,2,Yes
CUST-00506,Female,0,33,Two year,Bank transfer,Fiber optic,75.44,2489.52,2,No
CUST-00507,Female,0,39,Month-to-month,Mailed check,Fiber optic,90.65,3535.35,0,No
CUST-00508,Male,0,18,Month-to-month,Credit card,Fiber optic,79.69,1434.42,4,Yes
CUST-00509,Female,1,20,Month-to-month,Credit card,Fiber optic,67.47,1349.4,1,No
CUST-00510,Female,0,18,One year,Bank transfer,Fiber optic,89.86,1617.48,0,No
CUST-00511,Female,0,72,Month-to-month,Credit card,DSL,46.75,3366.0,0,No
CUST-00512,Male,0,54,Month-to-month,Bank transfer,Fiber optic,88.92,4801.68,2,No
CUST-00513,Female,0,61,Month-to-month,Bank transfer,DSL,49.58,3024.38,3,No
CUST-00514,Female,0,59,Month-to-month,Mailed check,Fiber optic,99.13,5848.67,3,No
CUST-00515,Female,0,70,Month-to-month,Electronic check,DSL,42.52,2976.4,0,No
CUST-00516,Male,0,8,Month-to-month,Electronic check,DSL,45.13,361.04,1,Yes
CUST-00517,Female,0,64,Month-to-month,Bank transfer,Fiber optic,85.76,5488.64,1,No
CUST-00518,Female,0,5,Month-to-month,Bank transfer,Fiber optic,77.57,,2,No
CUST-00519,Male,0,35,One year,Electronic check,Fiber optic,86.42,3024.7,0,No
CUST-00520,Female,0,43,Month-to-month,Bank transfer,Fiber optic,56.42,2426.06,1,No
CUST-00521,Female,0,26,One year,Electronic check,No,19.42,504.92,1,No
CUST-00522,Male,0,11,Month-to-month,Electronic check,No,19.18,210.98,2,No
CUST-00523,Female,1,14,Month-to-month,Credit card,No,18.89,264.46,3,Yes
CUST-00524,Female,0,60,Month-to-month,Mailed check,Fiber optic,72.98,4378.8,6,No
CUST-00525,Male,0,23,Month-to-month,Electronic check,Fiber optic,87.25,2006.75,3,Yes
CUST-00526,Male,0,23,Month-to-month,Mailed check,Fiber optic,75.96,1747.08,2,Yes
CUST-00527,Female,0,67,Two year,Mailed check,Fiber optic,81.6,5467.2,0,No
CUST-00528,Female,0,11,Month-to-month,Bank transfer,DSL,44.7,491.7,1,No
CUST-00529,Male,0,66,Month-to-month,Credit card,Fiber optic,84.0,5544.0,2,Yes
CUST-00530,Female,0,67,One year,Bank transfer,DSL,56.45,3782.15,0,No
CUST-00531,Male,0,44,Month-to-month,Bank transfer,DSL,46.56,2048.64,0,No
CUST-00532,Male,0,12,Month-to-month,Mailed check,No,26.73,320.76,1,No
CUST-00533,Female,0,12,Month-to-month,Bank transfer,DSL,46.16,553.92,3,Yes
CUST-00534,Male,0,21,Month-to-month,Electronic check,Fiber optic,75.95,1594.95,0,Yes
CUST-00535,Female,0,42,Month-to-month,Electronic check,Fiber optic,78.87,3312.54,2,No
CUST-00536,Male,1,12,One year,Credit card,DSL,42.73,512.76,2,No
CUST-00537,Female,0,33,Two year,Mailed check,No,24.55,810.15,0,No
CUST-00538,Female,0,9,Month-to-month,Mailed check,DSL,45.85,412.65,1,No
CUST-00539,Male,1,39,One year,Electronic check,No,18.0,702.0,3,No
CUST-00540,Female,0,2,One year,Credit card,Fiber optic,78.22,156.44,0,No
CUST-00541,Male,0,52,Month-to-month,Electronic check,DSL,32.79,1705.08,1,No
CUST-00542,Male,0,4,One year,Mailed check,DSL,43.52,174.08,3,No
CUST-00543,Male,0,15,One year,Credit card,DSL,45.01,675.15,1,No
CUST-00544,Male,0,13,Two year,Mailed check,Fiber optic,94.47,1228.11,1,No
CUST-00545,Male,0,60,Two year,Credit card,DSL,55.79,3347.4,2,No
CUST-00546,Male,0,4,Month-to-month,Electronic check,No,18.0,72.0,1,No
CUST-00547,Female,1,31,Month-to-month,Bank transfer,DSL,46.61,1444.91,1,Yes
CUST-00548,Female,0,43,Month-to-month,Credit card,No,21.75,935.25,1,No
CUST-00549,Female,0,38,Month-to-month,Mailed check,DSL,43.16,1640.08,2,Yes
CUST-00550,Male,0,50,Month-to-month,Bank transfer,No,18.67,933.5,3,No
CUST-00551,Male,0,58,Two year,Mailed check,DSL,42.17,2445.86,1,No
CUST-00552,Male,0,29,Month-to-month,Bank transfer,Fiber optic,94.98,2754.42,2,Yes
CUST-00553,Female,0,60,Month-to-month,Credit card,Fiber optic,76.67,4600.2,1,No
CUST-00554,Female,0,23,Two year,Bank transfer,DSL,47.73,1097.79,1,No
CUST-00555,Male,1,71,Month-to-month,Credit card,No,18.0,1278.0,0,No
CUST-00556,Male,0,37,Month-to-month,Bank transfer,DSL,51.59,1908.83,2,No
CUST-00557,Male,0,53,Two year,Bank transfer,Fiber optic,89.47,4741.91,4,No
CUST-00558,Female,0,64,Month-to-month,Electronic check,Fiber optic,71.58,4581.12,1,No
CUST-00559,Male,0,58,Month-to-month,Bank transfer,Fiber optic,75.9,4402.2,2,No
CUST-00560,Male,0,62,Month-to-month,Credit card,DSL,48.61,3013.82,2,No
CUST-00561,Female,0,39,Two year,Bank transfer,DSL,45.16,1761.24,2,No
CUST-00562,Male,0,4,Month-to-month,Electronic check,DSL,48.73,194.92,1,Yes
CUST-00563,Female,0,36,Month-to-month,Mailed check,DSL,42.7,1537.2,2,No
CUST-00564,Female,1,14,Month-to-month,Bank transfer,DSL,59.91,838.74,4,No
CUST-00565,Female,0,65,Month-to-month,Credit card,No,18.0,1170.0,2,No
CUST-00566,Male,0,18,Two year,Electronic check,Fiber optic,101.53,1827.54,0,No
CUST-00567,Female,0,17,Month-to-month,Electronic check,Fiber optic,89.94,1528.98,3,Yes
CUST-00568,Male,0,18,Two year,Mailed check,Fiber optic,86.66,1559.88,1,No
CUST-00569,Female,1,47,Month-to-month,Electronic check,DSL,36.68,1723.96,1,Yes
CUST-00570,Female,0,42,Month-to-month,Credit card,Fiber optic,87.28,3665.76,0,No
CUST-00571,Female,0,69,Two year,Mailed check,DSL,49.83,3438.27,0,No
CUST-00572,Female,1,30,Month-to-month,Mailed check,DSL,28.04,841.2,1,No
CUST-00573,Female,0,21,Month-to-month,Electronic check,Fiber optic,68.76,1443.96,2,Yes
CUST-00574,Female,0,4,Two year,Mailed check,Fiber optic,82.86,331.44,3,Yes
CUST-00575,Male,0,1,Month-to-month,Credit card,No,18.93,18.93,1,No
CUST-00576,Male,0,27,Month-to-month,Mailed check,DSL,40.87,1103.49,1,Yes
CUST-00577,Male,0,67,Two year,Electronic check,Fiber optic,88.63,5938.21,1,Yes
CUST-00578,Male,1,38,Month-to-month,Electronic check,DSL,37.93,1441.34,2,No
CUST-00579,Female,0,65,Month-to-month,Credit card,DSL,41.36,2688.4,0,No
CUST-00580,Male,0,8,Month-to-month,Credit card,Fiber optic,74.82,598.56,1,Yes
CUST-00581,Male,0,7,Month-to-month,Electronic check,DSL,49.08,343.56,1,Yes
CUST-00582,Female,0,61,Month-to-month,Bank transfer,Fiber optic,66.24,4040.64,1,No
CUST-00583,Male,0,8,One year,Electronic check,Fiber optic,76.02,608.16,4,Yes
CUST-00584,Female,0,4,Month-to-month,Bank transfer,DSL,31.22,124.88,2,Yes
CUST-00585,Female,0,30,One year,Electronic check,No,18.0,540.0,0,No
CUST-00586,Female,0,67,Month-to-month,Credit card,Fiber optic,85.78,5747.26,2,No
CUST-00587,Female,0,50,Month-to-month,Credit card,Fiber optic,85.93,4296.5,2,No
CUST-00588,Female,0,8,Month-to-month,Electronic check,Fiber optic,74.18,593.44,2,Yes
CUST-00589,Male,0,61,One year,Mailed check,No,24.27,1480.47,4,No
CUST-00590,Male,0,61,Month-to-month,Electronic check,DSL,43.52,2654.72,2,No
CUST-00591,Male,0,58,Month-to-month,Electronic check,Fiber optic,90.89,5271.62,2,Yes
CUST-00592,Female,1,65,Two year,Electronic check,Fiber optic,78.96,5132.4,5,No
CUST-00593,Female,0,18,One year,Electronic check,DSL,21.22,381.96,1,No
CUST-00594,Male,0,71,Month-to-month,Credit card,Fiber optic,87.16,6188.36,2,Yes
CUST-00595,Male,0,24,Two year,Electronic check,No,18.0,432.0,1,No
CUST-00596,Male,0,58,Month-to-month,Credit card,Fiber optic,77.81,4512.98,2,No
CUST-00597,Male,1,42,Month-to-month,Electronic check,Fiber optic,82.69,3472.98,1,Yes
CUST-00598,Female,0,57,Month-to-month,Mailed check,Fiber optic,68.6,3910.2,0,No
CUST-00599,Male,0,46,Month-to-month,Mailed check,No,20.6,947.6,3,No
CUST-00600,Female,0,47,Month-to-month,Credit card,No,24.28,1141.16,0,No
CUST-00601,Male,0,45,One year,Electronic check,Fiber optic,82.91,3730.95,1,No
CUST-00602,Male,1,57,Month-to-month,Electronic check,DSL,40.21,2291.97,1,No
CUST-00603,Female,1,54,Two year,Bank transfer,DSL,52.94,2858.76,2,Yes
CUST-00604,Male,0,10,Two year,Bank transfer,Fiber optic,72.02,720.2,2,No
CUST-00605,Male,0,60,One year,Bank transfer,No,18.0,1080.0,3,No
CUST-00606,Female,0,39,One year,Electronic check,Fiber optic,78.91,3077.49,1,No
CUST-00607,Male,0,24,One year,Electronic check,DSL,47.36,1136.64,2,No
CUST-00608,Male,1,38,Two year,Credit card,DSL,42.4,1611.2,0,No
CUST-00609,Male,0,70,Month-to-month,Bank transfer,Fiber optic,89.83,6288.1,0,No
CUST-00610,Female,1,62,Month-to-month,Bank transfer,No,22.36,1386.32,0,No
CUST-00611,Female,0,61,Month-to-month,Electronic check,DSL,45.61,2782.21,1,No
CUST-00612,Female,0,34,Month-to-month,Electronic check,Fiber optic,82.08,2790.72,2,No
CUST-00613,Male,0,57,Month-to-month,Credit card,Fiber optic,85.86,4894.02,0,No
CUST-00614,Male,0,28,One year,Bank transfer,No,21.93,614.04,2,No
CUST-00615,Male,0,50,Month-to-month,Electronic check,DSL,30.52,1526.0,0,No
CUST-00616,Male,0,47,Two year,Credit card,No,28.72,1349.84,2,No
CUST-00617,Female,0,18,Month-to-month,Bank transfer,Fiber optic,80.96,1457.28,3,Yes
CUST-00618,Male,0,20,Month-to-month,Electronic check,Fiber optic,85.48,1709.6,1,Yes
CUST-00619,Female,0,5,Month-to-month,Mailed check,DSL,41.75,208.75,1,No
CUST-00620,Female,1,11,Month-to-month,Bank transfer,Fiber optic,65.39,719.29,4,Yes
CUST-00621,Female,0,32,Month-to-month,Mailed check,Fiber optic,61.77,1976.64,0,No
CUST-00622,Male,0,35,Month-to-month,Bank transfer,DSL,37.45,1310.75,1,No
CUST-00623,Male,0,12,Month-to-month,Bank transfer,Fiber optic,84.14,1009.68,0,Yes
CUST-00624,Female,0,31,Month-to-month,Electronic check,Fiber optic,90.38,2801.78,2,No
CUST-00625,Female,1,44,Month-to-month,Credit card,Fiber optic,82.42,3626.48,3,Yes
CUST-00626,Male,0,17,Month-to-month,Mailed check,DSL,36.58,621.86,2,No
CUST-00627,Male,0,25,Month-to-month,Mailed check,Fiber optic,73.73,1843.25,3,Yes
CUST-00628,Female,0,27,Month-to-month,Bank transfer,DSL,55.89,1509.03,2,No
CUST-00629,Female,0,37,Month-to-month,Bank transfer,No,18.0,666.0,0,No
CUST-00630,Male,0,27,Month-to-month,Mailed check,No,36.81,993.87,1,Yes
CUST-00631,Female,0,54,Month-to-month,Bank transfer,DSL,60.01,3240.54,2,Yes
CUST-00632,Male,0,24,One year,Credit card,DSL,62.08,1489.92,2,No
CUST-00633,Female,1,32,Two year,Credit card,DSL,48.05,1537.6,5,No
CUST-00634,Female,0,28,Two year,Credit card,Fiber optic,77.27,2163.56,1,No
CUST-00635,Male,0,14,Month-to-month,Electronic check,No,22.85,319.9,1,Yes
CUST-00636,Female,0,50,Month-to-month,Mailed check,Fiber optic,87.27,4363.5,1,No
CUST-00637,Male,0,17,Month-to-month,Bank transfer,DSL,39.79,676.43,2,Yes
CUST-00638,Male,0,22,One year,Electronic check,DSL,36.19,796.18,1,No
CUST-00639,Female,0,58,One year,Bank transfer,DSL,42.73,2478.34,0,No
CUST-00640,Male,0,69,Two year,Electronic check,No,18.0,1242.0,1,No
CUST-00641,Female,0,49,Two year,Electronic check,Fiber optic,89.93,4406.57,2,No
CUST-00642,Female,0,66,Month-to-month,Electronic check,Fiber optic,75.07,4954.62,2,No
CUST-00643,Female,0,62,One year,Electronic check,DSL,45.77,2837.74,0,No
CUST-00644,Male,0,35,Two year,Electronic check,No,27.86,975.1,2,No
CUST-00645,Male,0,56,Month-to-month,Bank transfer,DSL,55.24,3093.44,4,Yes
CUST-00646,Male,1,24,Two year,Bank transfer,No,21.67,520.08,2,No
CUST-00647,Female,0,34,Month-to-month,Electronic check,No,23.07,784.38,0,Yes
CUST-00648,Male,0,39,Two year,Electronic check,Fiber optic,71.86,2802.54,1,Yes
CUST-00649,Female,0,70,One year,Credit card,No,28.18,1972.6,1,No
CUST-00650,Male,0,62,Month-to-month,Electronic check,DSL,55.11,3416.82,0,No
CUST-00651,Male,0,36,One year,Mailed check,Fiber optic,65.04,2341.44,0,No
CUST-00652,Female,0,47,Month-to-month,Mailed check,DSL,59.1,2777.7,0,No
CUST-00653,Female,0,15,One year,Bank transfer,Fiber optic,74.39,1115.85,0,No
CUST-00654,Female,0,58,One year,Credit card,DSL,49.76,2886.08,0,No
CUST-00655,Male,0,40,One year,Bank transfer,DSL,45.62,1824.8,2,No
CUST-00656,Female,0,39,Two year,Credit card,DSL,44.52,1736.28,1,No
CUST-00657,Female,0,56,Month-to-month,Credit card,DSL,43.35,2427.6,1,No
CUST-00658,Female,0,46,Month-to-month,Electronic check,Fiber optic,72.06,3314.76,1,Yes
CUST-00659,Female,1,6,Month-to-month,Electronic check,Fiber optic,84.19,505.14,2,Yes
CUST-00660,Male,0,21,Month-to-month,Electronic check,DSL,42.71,896.91,1,No
CUST-00661,Male,1,13,Month-to-month,Mailed check,No,18.0,234.0,3,No
CUST-00662,Female,0,53,Month-to-month,Bank transfer,No,18.0,954.0,2,No
CUST-00663,Male,0,3,Month-to-month,Electronic check,DSL,34.66,103.98,2,Yes
CUST-00664,Male,0,15,Month-to-month,Electronic check,Fiber optic,75.8,1137.0,2,Yes
CUST-00665,Male,0,44,Two year,Mailed check,Fiber optic,83.88,3690.72,2,No
CUST-00666,Male,0,51,Month-to-month,Bank transfer,Fiber optic,74.31,3789.81,1,No
CUST-00667,Male,0,37,Two year,Bank transfer,Fiber optic,87.8,3248.6,3,No
CUST-00668,Female,0,62,Month-to-month,Credit card,Fiber optic,79.05,4901.1,2,No
CUST-00669,Female,0,67,Month-to-month,Electronic check,DSL,42.68,2859.56,1,Yes
CUST-00670,Male,1,10,Month-to-month,Mailed check,DSL,45.13,451.3,4,No
CUST-00671,Male,0,69,Month-to-month,Credit card,Fiber optic,91.16,6290.04,1,No
CUST-00672,Male,1,45,Month-to-month,Bank transfer,Fiber optic,69.03,3106.35,1,Yes
CUST-00673,Female,0,46,Month-to-month,Bank transfer,No,33.25,1529.5,3,No
CUST-00674,Male,0,7,Month-to-month,Mailed check,DSL,52.68,368.76,2,No
CUST-00675,Male,0,45,Month-to-month,Electronic check,DSL,44.83,2017.35,2,No
CUST-00676,Female,0,53,One year,Credit card,DSL,54.46,2886.38,2,No
CUST-00677,Female,0,42,Month-to-month,Bank transfer,DSL,42.42,1781.64,0,No
CUST-00678,Male,0,7,Two year,Bank transfer,DSL,47.29,331.03,3,No
CUST-00679,Female,0,38,Month-to-month,Mailed check,Fiber optic,75.67,2875.46,0,No
CUST-00680,Female,0,68,Two year,Mailed check,Fiber optic,87.73,5965.64,2,No
CUST-00681,Male,1,53,One year,Electronic check,Fiber optic,74.34,3940.02,1,No
CUST-00682,Female,0,10,Two year,Bank transfer,Fiber optic,79.59,795.9,2,No
CUST-00683,Male,0,70,Two year,Mailed check,DSL,50.43,3530.1,2,No
CUST-00684,Female,0,70,Month-to-month,Electronic check,Fiber optic,88.39,6187.3,0,No
CUST-00685,Male,0,13,Month-to-month,Mailed check,DSL,38.43,499.59,0,No
CUST-00686,Male,0,58,Month-to-month,Credit card,No,26.03,1509.74,1,No
CUST-00687,Female,0,30,Two year,Mailed check,DSL,37.14,1114.2,2,No
CUST-00688,Female,0,43,One year,Mailed check,Fiber optic,62.8,2700.4,2,No
CUST-00689,Male,0,33,Month-to-month,Bank transfer,No,18.0,594.0,3,No
CUST-00690,Male,0,57,Two year,Credit card,Fiber optic,86.68,4940.76,2,No
CUST-00691,Female,0,72,Month-to-month,Bank transfer,Fiber optic,79.9,5752.8,2,No
CUST-00692,Female,0,58,One year,Credit card,Fiber optic,75.72,4391.76,4,No
CUST-00693,Female,1,68,One year,Electronic check,DSL,45.44,3089.92,4,No
CUST-00694,Female,0,69,Month-to-month,Credit card,Fiber optic,80.18,5532.42,0,No
CUST-00695,Male,0,7,One year,Credit card,No,24.98,174.86,1,Yes
CUST-00696,Male,0,19,Two year,Mailed check,No,18.0,342.0,3,No
CUST-00697,Female,0,52,Month-to-month,Bank transfer,Fiber optic,79.18,4117.36,1,No
CUST-00698,Female,0,43,Month-to-month,Electronic check,DSL,45.99,1977.57,2,Yes
CUST-00699,Male,0,4,Month-to-month,Mailed check,Fiber optic,69.08,276.32,1,No
CUST-00700,Female,0,7,One year,Electronic check,Fiber optic,68.97,482.79,4,Yes
CUST-00701,Male,0,38,Month-to-month,Electronic check,DSL,42.08,1599.04,0,No
CUST-00702,Male,0,45,Two year,Credit card,DSL,45.07,2028.15,2,No
CUST-00703,Male,0,13,Two year,Electronic check,DSL,45.1,586.3,2,No
CUST-00704,Male,0,13,Month-to-month,Bank transfer,Fiber optic,75.55,982.15,3,Yes
CUST-00705,Male,0,10,Month-to-month,Electronic check,DSL,40.22,402.2,3,No
CUST-00706,Female,0,41,One year,Mailed check,DSL,41.84,1715.44,1,No
CUST-00707,Male,0,1,One year,Mailed check,DSL,47.39,47.39,2,No
CUST-00708,Female,0,42,Month-to-month,Electronic check,No,29.96,1258.32,0,No
CUST-00709,Female,0,35,Month-to-month,Bank transfer,DSL,27.24,953.4,2,No
CUST-00710,Female,0,34,Month-to-month,Credit card,DSL,49.98,1699.32,0,No
CUST-00711,Male,0,49,Two year,Mailed check,Fiber optic,79.11,3876.39,1,No
CUST-00712,Male,0,38,Month-to-month,Credit card,DSL,49.21,1869.98,2,No
CUST-00713,Male,0,53,Two year,Bank transfer,No,29.48,1562.44,3,No
CUST-00714,Female,0,56,Month-to-month,Bank transfer,No,18.0,1008.0,1,Yes
CUST-00715,Male,0,67,Two year,Electronic check,Fiber optic,87.55,5865.85,1,No
CUST-00716,Female,0,58,Month-to-month,Electronic check,Fiber optic,69.97,4058.26,1,No
CUST-00717,Female,0,38,Month-to-month,Credit card,Fiber optic,81.02,3078.76,1,Yes
CUST-00718,Female,0,36,Two year,Bank transfer,DSL,43.06,1550.16,2,No
CUST-00719,Male,0,17,Two year,Mailed check,DSL,45.37,771.29,2,No
CUST-00720,Male,0,44,Month-to-month,Credit card,DSL,37.09,1631.96,6,No
CUST-00721,Female,0,11,Month-to-month,Electronic check,DSL,48.5,533.5,2,Yes
CUST-00722,Male,0,68,Month-to-month,Credit card,Fiber optic,92.69,6302.92,3,No
CUST-00723,Male,0,61,Month-to-month,Electronic check,DSL,37.23,2271.03,2,No
CUST-00724,Female,1,9,Month-to-month,Credit card,DSL,46.52,418.68,2,No
CUST-00725,Female,0,57,Two year,Electronic check,Fiber optic,86.85,4950.45,1,No
CUST-00726,Male,0,9,Month-to-month,Electronic check,Fiber optic,77.63,698.67,3,Yes
CUST-00727,Male,1,52,One year,Bank transfer,DSL,55.88,2905.76,1,No
CUST-00728,Male,0,7,Month-to-month,Electronic check,DSL,41.56,290.92,2,Yes
CUST-00729,Male,0,36,Month-to-month,Credit card,DSL,44.07,1586.52,1,No
CUST-00730,Female,0,48,One year,Bank transfer,DSL,37.05,1778.4,1,No
CUST-00731,Female,1,53,Month-to-month,Electronic check,No,21.01,1113.53,1,No
CUST-00732,Male,0,31,One year,Electronic check,No,20.02,620.62,0,No
CUST-00733,Male,0,67,Month-to-month,Credit card,Fiber optic,85.09,5701.03,2,No
CUST-00734,Male,1,56,Two year,Bank transfer,Fiber optic,74.91,4194.96,0,No
CUST-00735,Male,0,15,One year,Credit card,Fiber optic,74.54,1118.1,2,No
CUST-00736,Male,1,49,Two year,Electronic check,Fiber optic,83.7,4101.3,1,No
CUST-00737,Male,0,53,Month-to-month,Credit card,DSL,56.18,2977.54,0,No
CUST-00738,Female,1,25,Month-to-month,Mailed check,DSL,50.03,1250.75,3,No
CUST-00739,Female,0,54,Month-to-month,Bank transfer,Fiber optic,94.78,5118.12,0,No
CUST-00740,Female,0,65,Month-to-month,Mailed check,Fiber optic,84.44,5488.6,2,No
CUST-00741,Female,1,59,Month-to-month,Electronic check,DSL,49.15,2899.85,1,No
CUST-00742,Male,0,55,Month-to-month,Credit card,DSL,50.43,2773.65,3,No
CUST-00743,Female,0,46,Month-to-month,Credit card,DSL,56.91,2617.86,2,No
CUST-00744,Male,0,20,Month-to-month,Mailed check,DSL,54.9,1098.0,1,No
CUST-00745,Female,1,58,Month-to-month,Credit card,Fiber optic,71.32,4136.56,1,No
CUST-00746,Female,0,27,Month-to-month,Electronic check,Fiber optic,86.4,2332.8,0,No
CUST-00747,Female,1,39,Month-to-month,Electronic check,Fiber optic,82.12,,0,No
CUST-00748,Male,0,23,One year,Electronic check,DSL,43.45,999.35,1,No
CUST-00749,Female,0,23,Month-to-month,Mailed check,DSL,30.82,708.86,1,No
CUST-00750,Female,0,12,Month-to-month,Electronic check,No,18.0,216.0,2,No
CUST-00751,Male,1,70,Month-to-month,Mailed check,Fiber optic,77.08,5395.6,1,No
CUST-00752,Female,0,11,One year,Electronic check,DSL,33.28,366.08,1,No
CUST-00753,Male,0,7,Month-to-month,Bank transfer,DSL,42.25,295.75,0,No
CUST-00754,Male,0,68,One year,Credit card,No,25.71,1748.28,0,No
CUST-00755,Female,1,40,Two year,Bank transfer,Fiber optic,75.35,3014.0,5,No
CUST-00756,Male,0,32,Month-to-month,Electronic check,No,20.67,661.44,0,No
CUST-00757,Male,0,54,Two year,Bank transfer,Fiber optic,71.44,3857.76,2,No
CUST-00758,Male,0,28,One year,Electronic check,Fiber optic,82.39,2306.92,0,No
CUST-00759,Male,0,10,Month-to-month,Bank transfer,Fiber optic,84.07,840.7,2,No
CUST-00760,Female,0,53,Month-to-month,Bank transfer,DSL,33.62,1781.86,2,No
CUST-00761,Female,0,13,One year,Mailed check,Fiber optic,73.98,961.74,3,No
CUST-00762,Male,0,40,Two year,Electronic check,Fiber optic,69.86,2794.4,1,No
CUST-00763,Male,0,69,Month-to-month,Credit card,DSL,49.07,3385.83,0,No
CUST-00764,Female,0,68,Month-to-month,Credit card,No,21.31,1449.08,0,No
CUST-00765,Female,0,26,One year,Bank transfer,Fiber optic,79.6,2069.6,0,Yes
CUST-00766,Female,0,57,Month-to-month,Credit card,DSL,43.97,2506.29,6,Yes
CUST-00767,Female,0,45,One year,Credit card,DSL,47.58,2141.1,0,No
CUST-00768,Female,0,35,Month-to-month,Electronic check,No,22.74,795.9,0,No
CUST-00769,Male,0,11,One year,Bank transfer,No,18.0,198.0,1,No
CUST-00770,Female,0,28,Two year,Electronic check,Fiber optic,74.92,2097.76,1,No
CUST-00771,Female,0,47,One year,Mailed check,No,19.53,917.91,3,No
CUST-00772,Male,0,72,One year,Electronic check,No,18.48,1330.56,1,No
CUST-00773,Male,0,1,One year,Credit card,No,36.49,36.49,2,No
CUST-00774,Female,0,52,Two year,Bank transfer,No,18.0,936.0,5,No
CUST-00775,Female,0,61,Two year,Electronic check,Fiber optic,82.32,5021.52,0,No
CUST-00776,Female,0,69,Month-to-month,Mailed check,Fiber optic,83.73,5777.37,5,No
CUST-00777,Male,0,31,One year,Mailed check,Fiber optic,91.2,2827.2,0,No
CUST-00778,Male,0,9,Month-to-month,Bank transfer,Fiber optic,73.51,661.59,2,Yes
CUST-00779,Female,0,20,Two year,Credit card,DSL,55.72,1114.4,2,No
CUST-00780,Male,0,62,One year,Electronic check,Fiber optic,78.82,4886.84,3,No
CUST-00781,Female,0,64,Month-to-month,Mailed check,No,40.01,2560.64,1,No
CUST-00782,Male,0,46,Month-to-month,Bank transfer,DSL,47.9,2203.4,4,Yes
CUST-00783,Male,0,9,Month-to-month,Mailed check,No,18.0,162.0,1,No
CUST-00784,Male,0,9,One year,Mailed check,Fiber optic,78.42,705.78,0,No
CUST-00785,Female,0,35,Month-to-month,Electronic check,DSL,55.69,1949.15,4,Yes
CUST-00786,Female,0,43,Month-to-month,Electronic check,DSL,45.65,1962.95,0,No
CUST-00787,Male,0,3,Two year,Mailed check,Fiber optic,79.52,238.56,0,No
CUST-00788,Male,0,50,One year,Credit card,Fiber optic,85.75,4287.5,2,No
CUST-00789,Male,0,40,Month-to-month,Electronic check,DSL,42.24,1689.6,2,Yes
CUST-00790,Female,0,1,Month-to-month,Electronic check,Fiber optic,78.31,78.31,1,Yes
CUST-00791,Female,0,7,Two year,Bank transfer,DSL,37.44,262.08,2,No
CUST-00792,Female,0,33,One year,Credit card,Fiber optic,93.83,3096.39,0,No
CUST-00793,Male,0,53,One year,Mailed check,No,18.0,954.0,2,No
CUST-00794,Male,0,60,Month-to-month,Electronic check,Fiber optic,81.36,4881.6,2,No
CUST-00795,Male,0,32,Month-to-month,Bank transfer,Fiber optic,83.84,2682.88,0,No
CUST-00796,Female,0,22,Month-to-month,Mailed check,Fiber optic,79.89,1757.58,2,Yes
CUST-00797,Male,1,70,One year,Bank transfer,No,18.0,1260.0,3,No
CUST-00798,Male,0,34,Month-to-month,Electronic check,DSL,37.01,1258.34,0,No
CUST-00799,Female,0,23,Month-to-month,Electronic check,DSL,49.18,1131.14,0,Yes
CUST-00800,Male,0,32,One year,Electronic check,DSL,38.76,1240.32,3,No
CUST-00801,Female,1,1,Two year,Bank transfer,Fiber optic,63.42,63.42,3,Yes
CUST-00802,Male,0,22,One year,Mailed check,Fiber optic,83.1,1828.2,1,No
CUST-00803,Female,0,38,Month-to-month,Electronic check,Fiber optic,73.02,2774.76,0,No
CUST-00804,Male,0,67,Month-to-month,Mailed check,DSL,50.05,3353.35,1,No
CUST-00805,Female,0,54,Month-to-month,Bank transfer,DSL,43.39,2343.06,0,No
CUST-00806,Male,0,57,Month-to-month,Electronic check,Fiber optic,78.0,4446.0,2,No
CUST-00807,Male,1,40,Month-to-month,Bank transfer,No,20.42,816.8,2,No
CUST-00808,Male,1,8,Month-to-month,Bank transfer,DSL,35.89,287.12,2,Yes
CUST-00809,Female,1,29,One year,Mailed check,DSL,38.4,1113.6,2,No
CUST-00810,Male,0,72,Two year,Credit card,DSL,42.92,3090.24,0,No
CUST-00811,Male,0,4,Two year,Credit card,Fiber optic,70.85,283.4,3,No
CUST-00812,Male,0,64,Month-to-month,Electronic check,DSL,50.71,3245.44,0,No
CUST-00813,Female,0,50,Month-to-month,Electronic check,DSL,42.54,2127.0,2,No
CUST-00814,Female,0,21,Month-to-month,Electronic check,Fiber optic,68.4,1436.4,2,Yes
CUST-00815,Female,0,57,Month-to-month,Electronic check,DSL,40.53,2310.21,1,No
CUST-00816,Male,0,61,Month-to-month,Mailed check,Fiber optic,80.81,4929.41,1,Yes
CUST-00817,Female,1,4,Month-to-month,Credit card,DSL,41.43,165.72,1,No
CUST-00818,Female,1,8,One year,Credit card,No,23.2,185.6,3,No
CUST-00819,Female,0,48,Month-to-month,Electronic check,Fiber optic,84.59,4060.32,1,Yes
CUST-00820,Female,0,72,Two year,Mailed check,DSL,64.21,4623.12,3,No
CUST-00821,Male,0,2,Month-to-month,Electronic check,DSL,54.21,108.42,1,Yes
CUST-00822,Female,0,48,Month-to-month,Mailed check,Fiber optic,66.91,3211.68,0,No
CUST-00823,Male,0,10,Month-to-month,Electronic check,No,18.0,180.0,0,No
CUST-00824,Female,0,47,Month-to-month,Credit card,DSL,42.87,2014.89,2,No
CUST-00825,Male,0,45,Month-to-month,Credit card,DSL,49.6,2232.0,1,No
CUST-00826,Female,0,7,Two year,Electronic check,DSL,37.53,262.71,1,No
CUST-00827,Female,1,50,Month-to-month,Bank transfer,Fiber optic,75.75,3787.5,2,No
CUST-00828,Female,0,65,Month-to-month,Bank transfer,No,18.0,1170.0,2,No
CUST-00829,Female,0,63,One year,Credit card,Fiber optic,75.18,4736.34,3,No
CUST-00830,Female,0,3,Month-to-month,Mailed check,DSL,40.48,121.44,1,Yes
CUST-00831,Male,0,18,One year,Electronic check,Fiber optic,77.5,1395.0,1,Yes
CUST-00832,Female,0,18,Month-to-month,Bank transfer,Fiber optic,70.51,1269.18,2,No
CUST-00833,Female,0,33,Two year,Electronic check,DSL,52.86,1744.38,2,No
CUST-00834,Male,0,11,Month-to-month,Bank transfer,DSL,48.78,536.58,3,Yes
CUST-00835,Female,0,62,Month-to-month,Electronic check,Fiber optic,68.41,4241.42,3,Yes
CUST-00836,Female,0,56,One year,Bank transfer,Fiber optic,80.21,4491.76,2,Yes
CUST-00837,Female,1,59,Two year,Credit card,Fiber optic,67.48,3981.32,2,No
CUST-00838,Female,0,15,Month-to-month,Electronic check,Fiber optic,90.74,1361.1,1,Yes
CUST-00839,Male,0,2,One year,Mailed check,No,32.91,65.82,1,No
CUST-00840,Male,1,66,Month-to-month,Bank transfer,DSL,44.55,2940.3,2,No
CUST-00841,Male,0,21,Month-to-month,Electronic check,DSL,38.18,801.78,3,No
CUST-00842,Female,0,48,Month-to-month,Bank transfer,DSL,39.69,1905.12,2,No
CUST-00843,Female,1,66,One year,Bank transfer,No,18.0,1188.0,2,No
CUST-00844,Female,0,3,Month-to-month,Mailed check,Fiber optic,79.15,237.45,1,No
CUST-00845,Male,0,1,One year,Credit card,DSL,55.96,55.96,1,No
CUST-00846,Female,0,1,Month-to-month,Mailed check,DSL,52.64,52.64,1,No
CUST-00847,Male,0,12,Two year,Bank transfer,Fiber optic,87.77,1053.24,2,No
CUST-00848,Male,0,4,Two year,Electronic check,Fiber optic,81.36,325.44,0,No
CUST-00849,Female,0,60,Month-to-month,Electronic check,Fiber optic,70.77,4246.2,1,Yes
CUST-00850,Male,0,44,Month-to-month,Electronic check,DSL,38.84,1708.96,1,No
CUST-00851,Female,0,71,Month-to-month,Credit card,No,20.49,1454.79,1,No
CUST-00852,Male,1,58,Two year,Credit card,Fiber optic,70.39,4082.62,3,No
CUST-00853,Male,0,70,Month-to-month,Credit card,Fiber optic,82.43,5770.1,1,No
CUST-00854,Female,0,18,Month-to-month,Electronic check,Fiber optic,86.44,1555.92,1,Yes
CUST-00855,Female,1,21,Month-to-month,Mailed check,No,24.36,511.56,3,No
CUST-00856,Female,0,62,One year,Credit card,No,24.04,1490.48,5,No
CUST-00857,Male,0,18,Month-to-month,Bank transfer,Fiber optic,65.07,1171.26,1,Yes
CUST-00858,Female,0,5,Month-to-month,Electronic check,Fiber optic,90.67,453.35,2,Yes
CUST-00859,Female,0,49,Two year,Credit card,Fiber optic,67.46,,1,No
CUST-00860,Male,0,58,Month-to-month,Electronic check,No,18.78,1089.24,0,No
CUST-00861,Male,0,70,Two year,Electronic check,Fiber optic,84.95,5946.5,2,No
CUST-00862,Male,1,67,Month-to-month,Credit card,DSL,47.87,3207.29,1,No
CUST-00863,Female,0,9,Month-to-month,Mailed check,DSL,34.78,313.02,1,Yes
CUST-00864,Female,0,56,Two year,Mailed check,No,18.0,1008.0,2,No
CUST-00865,Female,0,61,One year,Bank transfer,No,22.3,1360.3,2,No
CUST-00866,Female,1,51,One year,Credit card,No,24.09,1228.59,0,No
CUST-00867,Male,0,60,Month-to-month,Electronic check,Fiber optic,71.14,4268.4,2,No
CUST-00868,Female,0,61,Month-to-month,Bank transfer,Fiber optic,83.14,5071.54,1,No
CUST-00869,Female,0,33,Month-to-month,Electronic check,No,18.0,594.0,0,No
CUST-00870,Male,0,3,Month-to-month,Electronic check,DSL,50.0,150.0,2,Yes
CUST-00871,Female,1,33,Month-to-month,Mailed check,DSL,37.93,1251.69,1,No
CUST-00872,Male,0,15,Month-to-month,Mailed check,No,20.64,309.6,2,Yes
CUST-00873,Female,0,9,Month-to-month,Electronic check,DSL,44.3,398.7,3,No
CUST-00874,Female,0,9,Month-to-month,Mailed check,Fiber optic,89.29,803.61,1,No
CUST-00875,Female,0,51,Month-to-month,Bank transfer,Fiber optic,81.94,4178.94,0,No
CUST-00876,Female,0,37,Month-to-month,Bank transfer,Fiber optic,75.21,2782.77,2,No
CUST-00877,Female,0,39,Two year,Bank transfer,DSL,47.88,1867.32,4,No
CUST-00878,Male,0,54,One year,Credit card,Fiber optic,97.14,5245.56,1,No
CUST-00879,Male,0,40,Month-to-month,Mailed check,DSL,50.92,2036.8,1,No
CUST-00880,Female,0,46,One year,Mailed check,No,19.53,898.38,1,No
CUST-00881,Male,0,7,Two year,Mailed check,DSL,38.33,268.31,2,Yes
CUST-00882,Female,0,62,Month-to-month,Bank transfer,Fiber optic,75.07,4654.34,1,No
CUST-00883,Male,0,33,Month-to-month,Electronic check,Fiber optic,85.44,2819.52,1,No
CUST-00884,Female,1,12,Month-to-month,Electronic check,DSL,37.91,454.92,1,No
CUST-00885,Female,1,59,Month-to-month,Electronic check,DSL,45.02,2656.18,2,No
CUST-00886,Male,1,53,One year,Mailed check,Fiber optic,91.5,4849.5,4,No
CUST-00887,Female,0,4,Two year,Credit card,DSL,46.2,184.8,2,No
CUST-00888,Male,0,14,Month-to-month,Bank transfer,DSL,36.37,509.18,0,No
CUST-00889,Male,1,2,One year,Mailed check,Fiber optic,97.42,194.84,1,Yes
CUST-00890,Female,0,20,Month-to-month,Bank transfer,No,34.1,682.0,0,No
CUST-00891,Male,0,8,One year,Bank transfer,Fiber optic,84.01,672.08,2,Yes
CUST-00892,Female,0,52,One year,Mailed check,Fiber optic,90.21,4690.92,0,No
CUST-00893,Female,0,38,Month-to-month,Mailed check,No,18.0,684.0,0,No
CUST-00894,Female,0,71,Month-to-month,Bank transfer,Fiber optic,85.8,6091.8,2,No
CUST-00895,Female,0,54,One year,Electronic check,Fiber optic,76.61,4136.94,2,No
CUST-00896,Female,0,45,Two year,Mailed check,Fiber optic,69.16,3112.2,2,No
CUST-00897,Male,0,37,Month-to-month,Mailed check,DSL,65.74,2432.38,1,No
CUST-00898,Male,0,4,Month-to-month,Bank transfer,DSL,33.75,135.0,2,No
CUST-00899,Male,0,6,Month-to-month,Credit card,Fiber optic,82.38,494.28,0,Yes
CUST-00900,Male,0,45,One year,Credit card,DSL,47.29,2128.05,3,No
CUST-00901,Male,0,1,One year,Mailed check,Fiber optic,84.13,84.13,1,No
CUST-00902,Male,0,4,One year,Electronic check,DSL,44.28,177.12,1,No
CUST-00903,Female,0,16,One year,Bank transfer,Fiber optic,79.37,1269.92,1,No
CUST-00904,Female,1,64,Two year,Credit card,DSL,46.11,2951.04,1,No
CUST-00905,Female,0,34,Two year,Credit card,Fiber optic,83.84,2850.56,2,No
CUST-00906,Male,1,52,Month-to-month,Credit card,Fiber optic,79.99,4159.48,1,No
CUST-00907,Female,0,30,One year,Electronic check,Fiber optic,79.45,2383.5,0,No
CUST-00908,Female,0,13,Month-to-month,Bank transfer,DSL,34.43,447.59,2,Yes
CUST-00909,Male,0,27,Month-to-month,Credit card,DSL,61.11,1649.97,1,No
CUST-00910,Female,0,7,Two year,Bank transfer,No,24.29,170.03,2,No
CUST-00911,Female,0,56,One year,Bank transfer,DSL,46.67,2613.52,2,No
CUST-00912,Female,0,14,Two year,Mailed check,Fiber optic,75.0,1050.0,1,Yes
CUST-00913,Male,0,28,Month-to-month,Bank transfer,DSL,36.97,1035.16,0,No
CUST-00914,Female,1,71,Month-to-month,Electronic check,DSL,51.88,3683.48,2,No
CUST-00915,Female,0,43,Month-to-month,Electronic check,Fiber optic,78.72,3384.96,1,Yes
CUST-00916,Female,1,34,Month-to-month,Credit card,Fiber optic,84.97,2888.98,1,Yes
CUST-00917,Male,0,40,Month-to-month,Credit card,DSL,34.18,1367.2,2,Yes
CUST-00918,Male,0,57,Month-to-month,Credit card,No,32.37,1845.09,4,Yes
CUST-00919,Male,0,19,Month-to-month,Electronic check,DSL,52.21,991.99,1,Yes
CUST-00920,Female,0,46,Two year,Electronic check,Fiber optic,79.35,3650.1,0,No
CUST-00921,Male,0,63,Month-to-month,Electronic check,Fiber optic,83.74,5275.62,4,No
CUST-00922,Male,1,42,Month-to-month,Credit card,Fiber optic,85.93,3609.06,2,Yes
CUST-00923,Female,0,33,One year,Bank transfer,Fiber optic,69.3,2286.9,2,No
CUST-00924,Male,0,11,Month-to-month,Credit card,DSL,58.42,642.62,1,No
CUST-00925,Female,1,18,Two year,Electronic check,No,23.87,429.66,2,No
CUST-00926,Female,0,69,One year,Bank transfer,Fiber optic,74.37,5131.53,0,No
CUST-00927,Male,0,39,Month-to-month,Credit card,No,18.0,702.0,1,No
CUST-00928,Female,0,22,One year,Electronic check,No,27.9,613.8,0,No
CUST-00929,Female,0,31,One year,Credit card,No,21.69,672.39,1,Yes
CUST-00930,Female,0,42,One year,Bank transfer,Fiber optic,83.86,3522.12,4,Yes
CUST-00931,Female,0,39,Two year,Electronic check,Fiber optic,80.21,3128.19,1,No
CUST-00932,Male,0,51,One year,Electronic check,Fiber optic,71.98,3670.98,1,No
CUST-00933,Female,0,19,One year,Credit card,Fiber optic,84.07,1597.33,0,Yes
CUST-00934,Female,0,47,Month-to-month,Bank transfer,Fiber optic,78.42,3685.74,1,Yes
CUST-00935,Female,1,32,One year,Bank transfer,Fiber optic,79.83,2554.56,1,No
CUST-00936,Female,0,68,Two year,Credit card,DSL,64.02,4353.36,0,No
CUST-00937,Female,0,12,One year,Mailed check,No,26.95,323.4,1,No
CUST-00938,Female,0,11,One year,Credit card,DSL,52.41,576.51,1,No
CUST-00939,Male,0,34,Month-to-month,Credit card,No,41.76,1419.84,3,No
CUST-00940,Male,0,37,One year,Electronic check,DSL,48.08,1778.96,3,No
CUST-00941,Male,0,50,Two year,Bank transfer,DSL,45.96,2298.0,0,No
CUST-00942,Female,0,30,Month-to-month,Electronic check,No,18.0,540.0,0,No
CUST-00943,Male,0,66,Month-to-month,Electronic check,No,18.0,1188.0,1,No
CUST-00944,Female,0,35,Month-to-month,Mailed check,Fiber optic,63.62,2226.7,1,No
CUST-00945,Female,0,10,Month-to-month,Credit card,No,26.32,263.2,1,No
CUST-00946,Female,0,9,One year,Electronic check,DSL,34.86,313.74,1,No
CUST-00947,Female,0,71,Month-to-month,Mailed check,No,27.22,1932.62,2,No
CUST-00948,Male,0,10,Month-to-month,Bank transfer,Fiber optic,79.66,796.6,4,No
CUST-00949,Male,0,69,One year,Electronic check,Fiber optic,81.02,5590.38,4,Yes
CUST-00950,Female,1,21,One year,Credit card,Fiber optic,79.66,1672.86,0,Yes
CUST-00951,Male,0,7,One year,Credit card,DSL,56.09,392.63,4,No
CUST-00952,Male,0,22,One year,Electronic check,Fiber optic,89.68,1972.96,1,Yes
CUST-00953,Female,0,45,One year,Electronic check,Fiber optic,79.77,3589.65,0,No
CUST-00954,Male,0,31,One year,Credit card,DSL,37.81,1172.11,2,No
CUST-00955,Female,1,57,One year,Electronic check,No,27.39,1561.23,2,No
CUST-00956,Male,0,44,Month-to-month,Electronic check,Fiber optic,72.2,3176.8,3,Yes
CUST-00957,Male,0,29,One year,Credit card,DSL,32.56,944.24,1,No
CUST-00958,Female,0,46,Month-to-month,Credit card,Fiber optic,83.99,3863.54,1,Yes
CUST-00959,Female,1,70,Month-to-month,Bank transfer,DSL,54.75,3832.5,4,Yes
CUST-00960,Female,1,30,Month-to-month,Bank transfer,DSL,41.76,1252.8,1,No
CUST-00961,Male,0,12,Two year,Credit card,Fiber optic,83.24,998.88,1,Yes
CUST-00962,Male,0,30,One year,Bank transfer,DSL,41.67,1250.1,1,No
CUST-00963,Female,0,61,Month-to-month,Bank transfer,DSL,50.78,3097.58,2,No
CUST-00964,Male,0,16,One year,Credit card,Fiber optic,88.76,1420.16,1,No
CUST-00965,Male,0,69,Month-to-month,Bank transfer,DSL,42.9,2960.1,3,No
CUST-00966,Male,0,43,One year,Mailed check,No,18.0,774.0,1,No
CUST-00967,Female,0,44,Two year,Mailed check,Fiber optic,68.34,3006.96,0,No
CUST-00968,Male,0,23,One year,Mailed check,DSL,52.41,1205.43,0,No
CUST-00969,Male,0,67,One year,Mailed check,Fiber optic,70.91,4750.97,0,No
CUST-00970,Female,0,3,Month-to-month,Mailed check,DSL,47.98,143.94,1,Yes
CUST-00971,Female,0,22,Month-to-month,Mailed check,Fiber optic,86.22,1896.84,2,Yes
CUST-00972,Male,0,31,Two year,Credit card,DSL,40.99,1270.69,0,No
CUST-00973,Male,0,35,One year,Mailed check,No,18.67,653.45,1,No
CUST-00974,Male,1,35,Month-to-month,Electronic check,DSL,52.99,1854.65,1,Yes
CUST-00975,Male,0,11,Month-to-month,Electronic check,Fiber optic,73.53,808.83,3,No
CUST-00976,Female,0,17,Month-to-month,Electronic check,DSL,37.72,641.24,1,Yes
CUST-00977,Male,0,7,Month-to-month,Credit card,DSL,43.12,301.84,1,Yes
CUST-00978,Male,0,42,Month-to-month,Mailed check,Fiber optic,90.22,3789.24,0,No
CUST-00979,Male,0,26,Month-to-month,Electronic check,Fiber optic,92.89,2415.14,1,No
CUST-00980,Female,0,41,Two year,Credit card,No,19.21,787.61,2,No
CUST-00981,Female,0,43,Month-to-month,Electronic check,DSL,39.3,1689.9,2,No
CUST-00982,Female,0,51,Month-to-month,Electronic check,DSL,53.51,2729.01,1,No
CUST-00983,Female,0,40,Month-to-month,Credit card,Fiber optic,66.65,2666.0,1,No
CUST-00984,Female,0,47,Month-to-month,Bank transfer,Fiber optic,81.98,3853.06,2,No
CUST-00985,Female,0,43,Two year,Credit card,No,19.65,844.95,2,No
CUST-00986,Female,0,47,Month-to-month,Credit card,No,30.35,1426.45,2,No
CUST-00987,Female,1,45,One year,Credit card,No,31.16,1402.2,2,No
CUST-00988,Male,0,23,Two year,Electronic check,DSL,37.46,861.58,3,No
CUST-00989,Male,0,18,Month-to-month,Credit card,Fiber optic,81.34,1464.12,1,Yes
CUST-00990,Female,0,57,One year,Bank transfer,Fiber optic,75.44,4300.08,0,No
CUST-00991,Male,0,25,Two year,Electronic check,DSL,42.65,1066.25,2,No
CUST-00992,Female,0,40,Month-to-month,Credit card,Fiber optic,84.94,3397.6,1,Yes
CUST-00993,Female,0,15,Month-to-month,Mailed check,DSL,42.32,634.8,4,No
CUST-00994,Male,0,32,Two year,Credit card,DSL,46.55,1489.6,0,No
CUST-00995,Male,0,39,Two year,Bank transfer,No,27.66,1078.74,1,No
CUST-00996,Female,0,46,Month-to-month,Mailed check,DSL,57.12,2627.52,2,No
CUST-00997,Male,1,38,One year,Electronic check,No,22.31,847.78,1,No
CUST-00998,Female,0,26,Month-to-month,Credit card,DSL,45.94,1194.44,1,No
CUST-00999,Male,0,70,Two year,Bank transfer,DSL,36.14,2529.8,1,No
CUST-01000,Female,0,37,Month-to-month,Electronic check,DSL,57.69,2134.53,2,No
CUST-01001,Male,0,59,Month-to-month,Electronic check,DSL,48.97,2889.23,1,No
CUST-01002,Female,0,54,One year,Credit card,Fiber optic,81.09,4378.86,1,No
CUST-01003,Female,0,41,Two year,Electronic check,DSL,45.68,1872.88,1,No
CUST-01004,Male,0,64,Two year,Bank transfer,Fiber optic,82.89,5304.96,1,No
CUST-01005,Female,0,10,Month-to-month,Bank transfer,No,26.17,261.7,1,No
CUST-01006,Female,0,67,Month-to-month,Electronic check,Fiber optic,87.16,5839.72,2,No
CUST-01007,Male,0,62,Two year,Bank transfer,DSL,57.89,3589.18,2,No
CUST-01008,Female,0,37,Two year,Electronic check,Fiber optic,81.94,3031.78,4,No
CUST-01009,Female,0,53,Month-to-month,Credit card,Fiber optic,94.03,4983.59,2,No
CUST-01010,Female,0,38,One year,Credit card,Fiber optic,88.46,3361.48,0,No
CUST-01011,Male,0,20,Month-to-month,Electronic check,DSL,44.52,890.4,1,No
CUST-01012,Male,0,58,Month-to-month,Mailed check,Fiber optic,66.66,3866.28,2,Yes
CUST-01013,Male,1,18,Month-to-month,Mailed check,Fiber optic,80.68,1452.24,3,Yes
CUST-01014,Female,0,23,Month-to-month,Credit card,DSL,57.47,1321.81,1,Yes
CUST-01015,Female,0,38,Month-to-month,Mailed check,DSL,38.8,1474.4,1,No
CUST-01016,Female,0,61,Two year,Bank transfer,No,20.66,1260.26,0,No
CUST-01017,Female,0,28,Month-to-month,Credit card,DSL,46.32,1296.96,2,No
CUST-01018,Male,0,36,Month-to-month,Electronic check,DSL,52.54,1891.44,1,No
CUST-01019,Male,0,3,Month-to-month,Bank transfer,DSL,41.9,125.7,1,No
CUST-01020,Female,0,9,Month-to-month,Electronic check,Fiber optic,73.04,657.36,0,No
CUST-01021,Female,1,5,Month-to-month,Bank transfer,Fiber optic,84.56,422.8,0,Yes
CUST-01022,Female,0,6,One year,Mailed check,DSL,39.05,234.3,2,Yes
CUST-01023,Female,0,63,Month-to-month,Credit card,Fiber optic,65.32,4115.16,1,No
CUST-01024,Female,0,61,One year,Mailed check,Fiber optic,94.72,5777.92,4,Yes
CUST-01025,Female,0,60,Two year,Electronic check,DSL,52.42,3145.2,1,No
CUST-01026,Female,0,5,Month-to-month,Credit card,No,35.07,175.35,0,No
CUST-01027,Female,0,6,Two year,Credit card,DSL,51.99,311.94,2,No
CUST-01028,Male,0,21,Two year,Bank transfer,DSL,50.44,1059.24,3,No
CUST-01029,Female,0,41,Two year,Bank transfer,No,22.96,941.36,1,No
CUST-01030,Female,0,25,One year,Electronic check,No,18.51,462.75,2,No
CUST-01031,Male,0,36,One year,Bank transfer,DSL,49.1,1767.6,2,No
CUST-01032,Female,0,13,One year,Electronic check,No,18.0,234.0,0,No
CUST-01033,Female,0,53,One year,Electronic check,Fiber optic,71.45,3786.85,2,No
CUST-01034,Female,0,23,Month-to-month,Credit card,DSL,42.34,973.82,1,No
CUST-01035,Female,0,5,Two year,Bank transfer,No,30.33,151.65,2,No
CUST-01036,Male,0,54,One year,Electronic check,Fiber optic,70.14,3787.56,2,No
CUST-01037,Male,1,66,One year,Electronic check,DSL,35.27,2327.82,0,No
CUST-01038,Male,0,2,Month-to-month,Credit card,Fiber optic,84.73,169.46,1,Yes
CUST-01039,Female,0,32,Month-to-month,Electronic check,Fiber optic,76.68,2453.76,2,No
CUST-01040,Female,1,60,Month-to-month,Electronic check,DSL,48.88,2932.8,0,No
CUST-01041,Female,1,51,Month-to-month,Electronic check,No,27.92,1423.92,0,No
CUST-01042,Male,0,62,Month-to-month,Electronic check,Fiber optic,83.69,5188.78,0,Yes
CUST-01043,Male,0,30,Month-to-month,Electronic check,Fiber optic,74.94,2248.2,2,Yes
CUST-01044,Female,0,27,Month-to-month,Credit card,Fiber optic,90.26,2437.02,2,Yes
CUST-01045,Female,1,52,Month-to-month,Electronic check,Fiber optic,85.94,4468.88,1,No
CUST-01046,Female,0,12,Month-to-month,Mailed check,DSL,45.21,542.52,1,Yes
CUST-01047,Female,0,18,Two year,Bank transfer,No,19.83,356.94,2,No
CUST-01048,Female,0,44,Month-to-month,Bank transfer,Fiber optic,82.99,3651.56,1,No
CUST-01049,Female,1,49,Month-to-month,Bank transfer,Fiber optic,77.5,3797.5,0,No
CUST-01050,Male,0,9,Month-to-month,Bank transfer,Fiber optic,66.95,602.55,0,No
CUST-01051,Female,0,37,Month-to-month,Bank transfer,DSL,51.0,1887.0,4,No
CUST-01052,Female,0,27,Month-to-month,Bank transfer,DSL,50.53,1364.31,5,Yes
CUST-01053,Female,0,37,One year,Credit card,Fiber optic,61.59,2278.83,3,No
CUST-01054,Male,0,70,Two year,Bank transfer,DSL,49.09,3436.3,0,No
CUST-01055,Female,0,6,Month-to-month,Credit card,Fiber optic,94.05,564.3,6,Yes
CUST-01056,Female,0,72,One year,Electronic check,No,18.0,1296.0,0,No
CUST-01057,Male,0,33,Month-to-month,Bank transfer,DSL,44.41,1465.53,1,No
CUST-01058,Male,0,56,Month-to-month,Bank transfer,DSL,43.54,2438.24,2,No
CUST-01059,Male,0,31,Month-to-month,Electronic check,Fiber optic,93.28,2891.68,1,No
CUST-01060,Female,0,23,Month-to-month,Credit card,DSL,53.97,1241.31,1,No
CUST-01061,Male,0,56,One year,Electronic check,No,18.0,1008.0,2,No
CUST-01062,Male,1,50,One year,Electronic check,Fiber optic,82.74,4137.0,1,No
CUST-01063,Male,0,11,One year,Credit card,DSL,63.42,697.62,1,Yes
CUST-01064,Male,1,51,Month-to-month,Electronic check,DSL,40.0,2040.0,0,No
CUST-01065,Female,0,55,One year,Mailed check,No,19.91,1095.05,1,No
CUST-01066,Female,0,28,Month-to-month,Mailed check,DSL,49.11,1375.08,1,No
CUST-01067,Female,0,67,Month-to-month,Credit card,Fiber optic,75.12,5033.04,2,Yes
CUST-01068,Female,0,47,Month-to-month,Mailed check,DSL,59.11,2778.17,2,No
CUST-01069,Male,0,25,One year,Bank transfer,DSL,41.22,1030.5,1,No
CUST-01070,Female,0,1,Two year,Credit card,No,18.0,18.0,2,No
CUST-01071,Male,0,49,Month-to-month,Bank transfer,DSL,40.8,1999.2,3,No
CUST-01072,Female,0,16,One year,Credit card,DSL,50.22,803.52,3,No
CUST-01073,Male,0,55,One year,Credit card,Fiber optic,73.61,4048.55,1,No
CUST-01074,Female,0,38,Two year,Mailed check,No,22.42,851.96,2,No
CUST-01075,Male,0,34,Month-to-month,Credit card,DSL,49.5,1683.0,0,No
CUST-01076,Male,1,12,One year,Mailed check,DSL,35.33,423.96,4,No
CUST-01077,Male,0,52,One year,Electronic check,No,18.0,936.0,3,No
CUST-01078,Female,0,12,Two year,Electronic check,Fiber optic,82.79,993.48,1,No
CUST-01079,Male,0,31,Month-to-month,Bank transfer,No,25.62,794.22,0,No
CUST-01080,Female,1,61,Two year,Electronic check,Fiber optic,75.69,4617.09,2,No
CUST-01081,Male,0,67,Month-to-month,Bank transfer,Fiber optic,81.21,5441.07,0,No
CUST-01082,Female,0,72,Two year,Mailed check,Fiber optic,77.73,5596.56,5,No
CUST-01083,Male,0,69,Month-to-month,Mailed check,DSL,50.82,3506.58,2,No
CUST-01084,Male,0,41,Month-to-month,Electronic check,Fiber optic,84.16,3450.56,1,No
CUST-01085,Male,0,15,Month-to-month,Credit card,Fiber optic,77.01,1155.15,2,Yes
CUST-01086,Female,0,61,Month-to-month,Mailed check,No,23.83,1453.63,1,No
CUST-01087,Male,0,58,Month-to-month,Electronic check,Fiber optic,76.7,4448.6,1,No
CUST-01088,Male,0,72,Month-to-month,Mailed check,DSL,48.66,3503.52,0,Yes
CUST-01089,Female,1,47,Month-to-month,Mailed check,Fiber optic,83.77,3937.19,3,Yes
CUST-01090,Female,0,11,Month-to-month,Bank transfer,Fiber optic,98.97,1088.67,0,No
CUST-01091,Female,0,37,One year,Mailed check,Fiber optic,77.31,2860.47,1,No
CUST-01092,Female,0,33,Two year,Electronic check,Fiber optic,78.87,2602.71,2,No
CUST-01093,Female,0,61,One year,Credit card,Fiber optic,74.82,4564.02,2,No
CUST-01094,Female,0,29,Month-to-month,Mailed check,DSL,36.74,1065.46,0,Yes
CUST-01095,Female,0,24,Month-to-month,Electronic check,Fiber optic,76.35,1832.4,1,Yes
CUST-01096,Male,0,6,Two year,Credit card,Fiber optic,85.32,511.92,4,No
CUST-01097,Male,0,61,Month-to-month,Bank transfer,No,25.9,1579.9,1,No
CUST-01098,Male,0,55,Month-to-month,Bank transfer,Fiber optic,82.37,4530.35,1,No
CUST-01099,Female,0,3,Two year,Mailed check,Fiber optic,77.63,232.89,2,No
CUST-01100,Male,0,32,Two year,Mailed check,Fiber optic,76.05,2433.6,3,Yes
CUST-01101,Female,0,35,Month-to-month,Mailed check,Fiber optic,72.67,2543.45,0,No
CUST-01102,Male,0,34,One year,Electronic check,DSL,40.54,1378.36,3,No
CUST-01103,Male,0,67,Month-to-month,Electronic check,No,18.0,1206.0,0,No
CUST-01104,Male,0,11,One year,Credit card,No,30.86,339.46,1,No
CUST-01105,Male,0,23,Month-to-month,Bank transfer,Fiber optic,94.7,2178.1,1,Yes
CUST-01106,Female,0,14,Month-to-month,Mailed check,Fiber optic,64.51,903.14,2,No
CUST-01107,Male,1,18,One year,Electronic check,DSL,47.31,851.58,1,No
CUST-01108,Male,0,66,Month-to-month,Bank transfer,Fiber optic,82.18,5423.88,1,No
CUST-01109,Male,0,68,One year,Electronic check,Fiber optic,81.67,5553.56,1,No
CUST-01110,Male,0,4,Month-to-month,Electronic check,Fiber optic,75.26,301.04,0,Yes
CUST-01111,Female,0,46,Two year,Electronic check,DSL,53.18,2446.28,1,No
CUST-01112,Female,0,17,Two year,Bank transfer,Fiber optic,83.28,1415.76,3,No
CUST-01113,Male,0,14,Month-to-month,Bank transfer,DSL,53.27,745.78,0,No
CUST-01114,Male,0,22,One year,Electronic check,Fiber optic,74.1,1630.2,1,Yes
CUST-01115,Male,0,14,Month-to-month,Electronic check,Fiber optic,68.93,965.02,1,No
CUST-01116,Male,0,36,Month-to-month,Bank transfer,DSL,48.48,1745.28,1,No
CUST-01117,Female,0,72,Month-to-month,Bank transfer,Fiber optic,72.3,5205.6,1,No
CUST-01118,Female,1,43,Two year,Bank transfer,No,28.44,1222.92,3,No
CUST-01119,Male,0,53,Two year,Electronic check,Fiber optic,62.99,3338.47,0,No
CUST-01120,Male,0,36,Two year,Bank transfer,DSL,41.25,1485.0,3,No
CUST-01121,Male,0,2,Two year,Credit card,Fiber optic,75.07,150.14,1,No
CUST-01122,Male,0,7,Two year,Bank transfer,DSL,42.34,296.38,1,No
CUST-01123,Male,0,20,Month-to-month,Electronic check,Fiber optic,82.09,1641.8,1,Yes
CUST-01124,Female,1,18,Two year,Bank transfer,Fiber optic,83.17,1497.06,4,Yes
CUST-01125,Male,1,61,One year,Electronic check,DSL,50.12,3057.32,3,No
CUST-01126,Male,0,61,Month-to-month,Electronic check,Fiber optic,86.04,5248.44,1,No
CUST-01127,Female,0,62,One year,Electronic check,Fiber optic,78.63,4875.06,1,No
CUST-01128,Male,0,46,Month-to-month,Credit card,Fiber optic,96.87,4456.02,2,Yes
CUST-01129,Male,0,41,Month-to-month,Mailed check,DSL,56.1,2300.1,1,No
CUST-01130,Male,0,47,Month-to-month,Credit card,DSL,42.5,1997.5,1,No
CUST-01131,Male,0,30,Month-to-month,Mailed check,Fiber optic,78.91,2367.3,2,No
CUST-01132,Male,0,49,Month-to-month,Mailed check,DSL,42.34,2074.66,1,Yes
CUST-01133,Male,0,58,Two year,Electronic check,Fiber optic,82.91,4808.78,2,No
CUST-01134,Female,0,55,One year,Bank transfer,DSL,37.22,2047.1,2,No
CUST-01135,Female,0,45,Month-to-month,Electronic check,DSL,38.68,1740.6,0,No
CUST-01136,Male,1,5,Month-to-month,Mailed check,Fiber optic,62.66,313.3,2,Yes
CUST-01137,Male,0,53,Month-to-month,Electronic check,DSL,41.81,2215.93,3,No
CUST-01138,Male,0,27,Month-to-month,Mailed check,Fiber optic,88.52,2390.04,0,No
CUST-01139,Female,0,54,Two year,Mailed check,DSL,43.78,2364.12,2,No
CUST-01140,Male,0,39,Month-to-month,Electronic check,Fiber optic,79.23,3089.97,1,Yes
CUST-01141,Female,0,64,One year,Electronic check,Fiber optic,82.23,5262.72,1,No
CUST-01142,Female,0,25,One year,Credit card,Fiber optic,71.98,1799.5,2,Yes
CUST-01143,Male,0,68,One year,Electronic check,Fiber optic,80.2,5453.6,3,Yes
CUST-01144,Male,0,61,Two year,Electronic check,Fiber optic,87.12,5314.32,3,No
CUST-01145,Male,0,24,Month-to-month,Electronic check,Fiber optic,82.45,1978.8,0,No
CUST-01146,Female,0,35,Two year,Mailed check,DSL,52.83,1849.05,4,No
CUST-01147,Male,1,39,One year,Bank transfer,Fiber optic,90.11,3514.29,1,No
CUST-01148,Male,0,56,One year,Electronic check,DSL,50.3,2816.8,0,Yes
CUST-01149,Female,0,50,One year,Mailed check,Fiber optic,74.29,3714.5,0,No
CUST-01150,Female,0,62,Two year,Bank transfer,DSL,42.25,2619.5,1,No
CUST-01151,Male,0,27,Two year,Electronic check,No,35.45,957.15,1,Yes
CUST-01152,Male,0,37,Month-to-month,Credit card,Fiber optic,82.51,3052.87,1,No
CUST-01153,Female,0,32,Two year,Credit card,Fiber optic,81.45,2606.4,0,No
CUST-01154,Male,0,66,One year,Electronic check,Fiber optic,73.12,4825.92,1,No
CUST-01155,Female,1,22,Month-to-month,Electronic check,DSL,44.27,973.94,3,No
CUST-01156,Female,0,43,Two year,Electronic check,DSL,50.73,2181.39,0,No
CUST-01157,Male,0,9,Month-to-month,Electronic check,No,20.12,181.08,2,No
CUST-01158,Male,0,62,One year,Mailed check,Fiber optic,75.84,4702.08,0,Yes
CUST-01159,Female,1,28,Month-to-month,Bank transfer,DSL,42.7,1195.6,2,Yes
CUST-01160,Female,0,25,Month-to-month,Mailed check,Fiber optic,89.53,2238.25,2,No
CUST-01161,Male,0,42,Two year,Electronic check,Fiber optic,85.34,3584.28,2,No
CUST-01162,Female,0,36,Month-to-month,Electronic check,DSL,49.27,1773.72,1,No
CUST-01163,Female,0,62,Month-to-month,Credit card,Fiber optic,83.53,5178.86,4,Yes
CUST-01164,Female,0,39,Month-to-month,Credit card,DSL,35.54,1386.06,1,No
CUST-01165,Female,0,38,Month-to-month,Electronic check,DSL,47.18,1792.84,2,No
CUST-01166,Male,0,8,Two year,Bank transfer,Fiber optic,88.54,708.32,1,No
CUST-01167,Female,0,2,Two year,Mailed check,DSL,42.91,85.82,1,No
CUST-01168,Female,0,29,Month-to-month,Bank transfer,No,27.82,806.78,1,No
CUST-01169,Male,0,72,One year,Bank transfer,Fiber optic,84.36,6073.92,3,No
CUST-01170,Male,0,67,Month-to-month,Credit card,No,26.62,1783.54,3,No
CUST-01171,Female,1,46,One year,Electronic check,Fiber optic,80.41,3698.86,1,No
CUST-01172,Female,0,46,Month-to-month,Electronic check,No,27.09,1246.14,0,No
CUST-01173,Male,1,29,Month-to-month,Credit card,Fiber optic,68.28,1980.12,1,No
CUST-01174,Female,0,13,Month-to-month,Electronic check,Fiber optic,80.27,1043.51,1,Yes
CUST-01175,Female,0,1,One year,Electronic check,Fiber optic,85.7,85.7,2,No
CUST-01176,Female,0,25,Month-to-month,Bank transfer,No,22.37,559.25,1,No
CUST-01177,Female,0,23,Month-to-month,Credit card,DSL,53.76,1236.48,0,No
CUST-01178,Female,0,14,Two year,Bank transfer,Fiber optic,78.74,1102.36,0,Yes
CUST-01179,Male,0,19,One year,Credit card,Fiber optic,75.62,1436.78,2,Yes
CUST-01180,Female,1,2,Month-to-month,Bank transfer,Fiber optic,66.89,133.78,1,Yes
CUST-01181,Female,0,44,Two year,Electronic check,No,18.0,792.0,3,No
CUST-01182,Female,1,67,Two year,Bank transfer,Fiber optic,84.13,5636.71,2,No
CUST-01183,Female,0,50,Month-to-month,Credit card,DSL,51.09,2554.5,4,No
CUST-01184,Male,0,33,One year,Credit card,Fiber optic,68.81,2270.73,3,No
CUST-01185,Female,0,31,Month-to-month,Electronic check,Fiber optic,89.4,2771.4,3,Yes
CUST-01186,Female,0,23,One year,Electronic check,DSL,37.2,855.6,0,No
CUST-01187,Female,0,11,Month-to-month,Credit card,DSL,44.03,484.33,2,Yes
CUST-01188,Male,0,44,One year,Electronic check,DSL,40.45,1779.8,6,No
CUST-01189,Male,0,41,Month-to-month,Electronic check,Fiber optic,83.34,3416.94,5,No
CUST-01190,Male,0,1,Month-to-month,Credit card,No,20.75,20.75,0,No
CUST-01191,Female,0,30,Two year,Mailed check,Fiber optic,85.42,2562.6,1,No
CUST-01192,Female,1,21,Month-to-month,Electronic check,DSL,59.75,1254.75,1,Yes
CUST-01193,Male,0,13,Two year,Electronic check,Fiber optic,83.18,1081.34,0,No
CUST-01194,Male,0,51,Two year,Electronic check,No,18.0,918.0,1,No
CUST-01195,Female,0,38,Two year,Credit card,Fiber optic,83.69,3180.22,0,No
CUST-01196,Female,0,46,Month-to-month,Mailed check,DSL,60.56,2785.76,0,No
CUST-01197,Female,1,52,Two year,Electronic check,DSL,50.25,2613.0,3,No
CUST-01198,Male,0,71,Month-to-month,Mailed check,No,27.57,1957.47,0,No
CUST-01199,Female,0,58,Month-to-month,Electronic check,No,18.0,1044.0,4,No
CUST-01200,Male,0,45,Two year,Electronic check,DSL,48.1,2164.5,2,No
CUST-01201,Female,0,64,One year,Electronic check,No,18.0,1152.0,0,No
CUST-01202,Female,0,35,Month-to-month,Mailed check,DSL,39.56,1384.6,3,Yes
CUST-01203,Female,0,71,Month-to-month,Electronic check,DSL,44.82,3182.22,0,No
CUST-01204,Male,0,55,Two year,Electronic check,Fiber optic,80.87,4447.85,2,No
CUST-01205,Female,0,47,One year,Mailed check,Fiber optic,75.0,3525.0,4,No
CUST-01206,Female,0,66,Month-to-month,Mailed check,Fiber optic,81.51,5379.66,4,No
CUST-01207,Female,0,38,Two year,Electronic check,No,18.61,707.18,2,No
CUST-01208,Female,1,52,Month-to-month,Electronic check,No,25.62,1332.24,2,No
CUST-01209,Female,0,21,Month-to-month,Electronic check,DSL,46.82,983.22,1,No
CUST-01210,Female,1,70,One year,Mailed check,Fiber optic,83.01,5810.7,3,No
CUST-01211,Male,0,45,Two year,Bank transfer,Fiber optic,87.84,3952.8,0,No
CUST-01212,Male,0,57,Month-to-month,Electronic check,Fiber optic,84.44,4813.08,2,No
CUST-01213,Male,0,34,Month-to-month,Credit card,No,19.95,678.3,1,No
CUST-01214,Female,0,63,Month-to-month,Bank transfer,Fiber optic,63.3,3987.9,0,No
CUST-01215,Male,0,6,Two year,Electronic check,DSL,49.11,294.66,2,No
CUST-01216,Male,0,9,Month-to-month,Electronic check,DSL,37.7,339.3,3,Yes
CUST-01217,Female,1,37,Month-to-month,Electronic check,No,19.31,714.47,0,No
CUST-01218,Male,0,53,Two year,Electronic check,No,22.97,1217.41,0,No
CUST-01219,Male,0,59,Month-to-month,Mailed check,DSL,55.66,3283.94,0,No
CUST-01220,Male,0,32,One year,Electronic check,DSL,59.74,1911.68,4,No
CUST-01221,Male,0,47,Month-to-month,Credit card,Fiber optic,72.63,3413.61,3,No
CUST-01222,Male,0,40,Two year,Mailed check,DSL,34.47,1378.8,0,No
CUST-01223,Female,0,70,Month-to-month,Bank transfer,DSL,47.61,3332.7,2,No
CUST-01224,Female,0,48,Month-to-month,Bank transfer,No,21.94,1053.12,3,No
CUST-01225,Female,0,31,Month-to-month,Mailed check,No,18.0,558.0,2,Yes
CUST-01226,Male,0,70,One year,Credit card,No,19.87,1390.9,1,No
CUST-01227,Female,0,8,One year,Credit card,Fiber optic,84.78,,6,Yes
CUST-01228,Male,0,71,Month-to-month,Mailed check,DSL,35.16,2496.36,1,No
CUST-01229,Male,0,12,Month-to-month,Electronic check,No,18.0,216.0,1,No
CUST-01230,Female,0,21,Two year,Mailed check,DSL,39.85,836.85,2,No
CUST-01231,Male,0,60,Month-to-month,Electronic check,DSL,43.3,2598.0,1,No
CUST-01232,Male,0,53,Month-to-month,Mailed check,No,25.55,1354.15,0,No
CUST-01233,Male,0,70,One year,Mailed check,Fiber optic,77.39,5417.3,1,No
CUST-01234,Male,0,54,Month-to-month,Mailed check,No,20.44,1103.76,2,No
CUST-01235,Female,0,46,Month-to-month,Bank transfer,DSL,62.97,2896.62,1,No
CUST-01236,Male,0,25,Month-to-month,Electronic check,No,18.0,450.0,1,No
CUST-01237,Male,0,1,Month-to-month,Mailed check,Fiber optic,74.78,74.78,1,Yes
CUST-01238,Male,0,9,Month-to-month,Electronic check,Fiber optic,85.42,768.78,2,Yes
CUST-01239,Female,0,22,One year,Credit card,No,27.9,613.8,3,No
CUST-01240,Female,0,3,One year,Bank transfer,Fiber optic,83.32,249.96,1,No
CUST-01241,Female,0,37,Month-to-month,Electronic check,Fiber optic,94.47,3495.39,1,No
CUST-01242,Female,0,56,Two year,Bank transfer,Fiber optic,82.54,4622.24,2,No
CUST-01243,Male,1,70,Month-to-month,Electronic check,Fiber optic,64.19,4493.3,1,Yes
CUST-01244,Female,0,36,One year,Bank transfer,No,20.78,748.08,0,No
CUST-01245,Male,0,64,Month-to-month,Bank transfer,Fiber optic,75.43,4827.52,2,No
CUST-01246,Female,1,71,One year,Mailed check,DSL,56.07,3980.97,2,No
CUST-01247,Female,1,62,Month-to-month,Bank transfer,DSL,52.72,3268.64,1,No
CUST-01248,Male,0,34,Month-to-month,Credit card,No,18.0,612.0,0,Yes
CUST-01249,Male,1,24,Month-to-month,Credit card,No,30.8,739.2,2,Yes
CUST-01250,Female,0,71,Month-to-month,Mailed check,No,27.51,1953.21,2,Yes
CUST-01251,Male,0,18,Month-to-month,Bank transfer,DSL,42.4,763.2,1,No
CUST-01252,Male,0,30,One year,Mailed check,Fiber optic,79.37,2381.1,2,No
CUST-01253,Male,0,6,Two year,Credit card,Fiber optic,91.14,546.84,1,Yes
CUST-01254,Male,0,58,Month-to-month,Credit card,Fiber optic,64.23,3725.34,5,No
CUST-01255,Male,0,47,Two year,Electronic check,DSL,48.56,2282.32,0,No
CUST-01256,Male,0,7,One year,Electronic check,Fiber optic,88.75,621.25,1,No
CUST-01257,Male,0,16,Two year,Electronic check,DSL,44.29,708.64,2,No
CUST-01258,Male,0,40,One year,Electronic check,Fiber optic,85.18,3407.2,5,No
CUST-01259,Female,0,39,One year,Mailed check,DSL,45.83,1787.37,1,No
CUST-01260,Female,1,58,Month-to-month,Electronic check,DSL,38.73,2246.34,7,No
CUST-01261,Female,0,20,One year,Bank transfer,DSL,38.53,770.6,1,No
CUST-01262,Male,0,67,Two year,Electronic check,No,25.7,1721.9,0,No
CUST-01263,Male,0,33,Month-to-month,Electronic check,Fiber optic,74.91,2472.03,3,Yes
CUST-01264,Male,0,60,Month-to-month,Bank transfer,No,18.0,1080.0,1,No
CUST-01265,Female,0,18,Month-to-month,Mailed check,Fiber optic,80.98,1457.64,2,No
CUST-01266,Male,0,3,Two year,Mailed check,Fiber optic,75.9,227.7,1,No
CUST-01267,Male,0,4,Month-to-month,Credit card,Fiber optic,70.41,281.64,3,Yes
CUST-01268,Female,0,27,One year,Credit card,Fiber optic,80.57,2175.39,1,No
CUST-01269,Male,0,69,Two year,Bank transfer,Fiber optic,86.14,5943.66,1,No
CUST-01270,Female,0,4,Two year,Electronic check,Fiber optic,80.16,320.64,0,Yes
CUST-01271,Male,0,27,Month-to-month,Electronic check,No,18.0,486.0,0,No
CUST-01272,Female,0,8,One year,Credit card,No,23.85,190.8,1,No
CUST-01273,Female,1,68,Two year,Bank transfer,DSL,53.28,3623.04,2,Yes
CUST-01274,Female,0,49,Month-to-month,Bank transfer,Fiber optic,97.7,4787.3,0,No
CUST-01275,Female,0,55,One year,Bank transfer,DSL,56.53,3109.15,0,No
CUST-01276,Female,1,52,Month-to-month,Electronic check,DSL,36.96,1921.92,3,No
CUST-01277,Male,0,48,One year,Mailed check,Fiber optic,86.86,4169.28,0,No
CUST-01278,Male,1,56,Month-to-month,Credit card,Fiber optic,82.05,4594.8,0,No
CUST-01279,Male,0,1,Month-to-month,Credit card,Fiber optic,70.78,70.78,1,Yes
CUST-01280,Male,0,63,Month-to-month,Electronic check,DSL,47.27,2978.01,1,Yes
CUST-01281,Female,0,54,Month-to-month,Bank transfer,No,35.35,1908.9,2,No
CUST-01282,Male,0,54,Month-to-month,Electronic check,No,29.57,1596.78,1,No
CUST-01283,Male,1,29,One year,Credit card,Fiber optic,71.89,2084.81,2,No
CUST-01284,Male,0,58,Month-to-month,Electronic check,No,20.11,,3,No
CUST-01285,Male,1,28,Month-to-month,Bank transfer,DSL,48.93,1370.04,1,No
CUST-01286,Female,0,4,One year,Electronic check,Fiber optic,66.16,264.64,1,Yes
CUST-01287,Male,1,66,One year,Bank transfer,No,18.0,1188.0,2,No
CUST-01288,Male,1,17,Month-to-month,Bank transfer,No,21.24,361.08,3,Yes
CUST-01289,Female,0,8,Two year,Electronic check,No,21.34,170.72,1,No
CUST-01290,Male,1,45,Month-to-month,Credit card,Fiber optic,65.29,2938.05,1,No
CUST-01291,Male,0,17,Two year,Credit card,No,23.1,392.7,1,No
CUST-01292,Female,0,62,Month-to-month,Credit card,Fiber optic,88.7,5499.4,0,No
CUST-01293,Female,0,32,One year,Electronic check,DSL,43.25,1384.0,4,No
CUST-01294,Male,0,1,Two year,Bank transfer,DSL,45.48,45.48,1,No
CUST-01295,Female,0,69,Two year,Bank transfer,Fiber optic,84.57,5835.33,1,No
CUST-01296,Male,0,38,One year,Bank transfer,Fiber optic,83.51,3173.38,2,No
CUST-01297,Male,0,19,One year,Mailed check,Fiber optic,66.65,1266.35,1,No
CUST-01298,Male,0,49,Month-to-month,Bank transfer,No,18.0,882.0,4,No
CUST-01299,Female,0,39,One year,Electronic check,Fiber optic,76.83,2996.37,2,Yes
CUST-01300,Female,0,3,One year,Mailed check,Fiber optic,73.11,219.33,1,Yes
CUST-01301,Female,0,55,Two year,Electronic check,Fiber optic,91.74,5045.7,1,No
CUST-01302,Male,1,29,Month-to-month,Electronic check,Fiber optic,85.08,2467.32,1,No
CUST-01303,Male,1,51,Month-to-month,Electronic check,Fiber optic,71.12,3627.12,1,No
CUST-01304,Male,1,65,One year,Electronic check,Fiber optic,78.29,5088.85,1,No
CUST-01305,Male,0,44,Month-to-month,Credit card,Fiber optic,89.04,3917.76,1,No
CUST-01306,Male,0,49,Month-to-month,Mailed check,Fiber optic,74.83,3666.67,1,No
CUST-01307,Female,1,19,Month-to-month,Electronic check,Fiber optic,86.81,1649.39,2,Yes
CUST-01308,Female,0,18,One year,Credit card,No,31.07,559.26,2,No
CUST-01309,Female,0,30,Month-to-month,Credit card,DSL,54.73,1641.9,1,No
CUST-01310,Male,0,62,Month-to-month,Credit card,Fiber optic,81.44,5049.28,2,No
CUST-01311,Male,0,38,Month-to-month,Credit card,Fiber optic,90.01,3420.38,4,Yes
CUST-01312,Male,0,26,Two year,Credit card,DSL,40.82,1061.32,2,No
CUST-01313,Female,0,57,One year,Bank transfer,Fiber optic,99.89,5693.73,1,No
CUST-01314,Female,0,62,Month-to-month,Credit card,Fiber optic,81.93,5079.66,0,Yes
CUST-01315,Male,0,65,Month-to-month,Credit card,Fiber optic,89.17,5796.05,3,No
CUST-01316,Female,0,22,One year,Electronic check,Fiber optic,77.1,1696.2,1,No
CUST-01317,Female,0,52,Month-to-month,Credit card,DSL,49.0,2548.0,1,No
CUST-01318,Male,0,43,One year,Credit card,DSL,49.35,2122.05,1,No
CUST-01319,Male,0,33,Month-to-month,Credit card,Fiber optic,72.57,2394.81,0,No
CUST-01320,Male,0,29,Two year,Credit card,Fiber optic,72.33,2097.57,0,No
CUST-01321,Female,0,9,Month-to-month,Mailed check,Fiber optic,78.36,705.24,1,No
CUST-01322,Male,0,20,One year,Mailed check,No,28.84,576.8,2,No
CUST-01323,Male,0,40,Month-to-month,Bank transfer,Fiber optic,65.35,2614.0,3,No
CUST-01324,Female,1,64,Two year,Bank transfer,DSL,42.1,2694.4,2,No
CUST-01325,Male,0,63,Two year,Credit card,Fiber optic,90.48,5700.24,1,No
CUST-01326,Male,0,14,One year,Credit card,DSL,35.14,491.96,1,Yes
CUST-01327,Female,1,49,Month-to-month,Bank transfer,Fiber optic,90.03,4411.47,3,Yes
CUST-01328,Female,0,7,Month-to-month,Credit card,DSL,35.98,251.86,1,Yes
CUST-01329,Female,0,49,Two year,Electronic check,Fiber optic,72.67,3560.83,3,No
CUST-01330,Female,0,25,One year,Credit card,Fiber optic,78.82,1970.5,1,No
CUST-01331,Female,0,33,Month-to-month,Electronic check,Fiber optic,94.99,3134.67,2,Yes
CUST-01332,Female,0,52,Month-to-month,Bank transfer,DSL,39.88,2073.76,2,Yes
CUST-01333,Female,0,31,Month-to-month,Electronic check,DSL,31.14,965.34,1,No
CUST-01334,Male,0,59,Two year,Bank transfer,Fiber optic,68.78,4058.02,2,No
CUST-01335,Male,0,39,One year,Mailed check,Fiber optic,87.46,3410.94,1,No
CUST-01336,Female,0,72,One year,Electronic check,DSL,34.16,2459.52,0,No
CUST-01337,Male,0,46,One year,Bank transfer,No,29.5,1357.0,1,No
CUST-01338,Female,1,22,Month-to-month,Bank transfer,Fiber optic,80.56,1772.32,0,No
CUST-01339,Male,0,56,Month-to-month,Electronic check,Fiber optic,79.74,4465.44,2,No
CUST-01340,Female,0,30,Month-to-month,Bank transfer,DSL,47.38,1421.4,1,Yes
CUST-01341,Female,0,39,One year,Electronic check,Fiber optic,73.59,2870.01,2,No
CUST-01342,Male,0,10,Month-to-month,Electronic check,DSL,46.1,461.0,0,No
CUST-01343,Male,0,9,Month-to-month,Electronic check,DSL,35.46,319.14,2,No
CUST-01344,Female,0,42,Month-to-month,Bank transfer,Fiber optic,90.79,3813.18,2,Yes
CUST-01345,Female,0,14,Month-to-month,Credit card,Fiber optic,71.78,1004.92,2,No
CUST-01346,Female,1,72,One year,Bank transfer,No,23.51,1692.72,2,No
CUST-01347,Female,0,62,Month-to-month,Credit card,No,18.0,1116.0,0,No
CUST-01348,Female,0,51,Month-to-month,Bank transfer,DSL,40.73,2077.23,1,No
CUST-01349,Female,0,53,One year,Credit card,DSL,42.01,2226.53,1,No
CUST-01350,Female,0,43,Month-to-month,Credit card,Fiber optic,103.85,4465.55,3,Yes
CUST-01351,Male,0,5,Month-to-month,Mailed check,No,19.88,99.4,0,Yes
CUST-01352,Female,1,29,Month-to-month,Electronic check,No,18.0,522.0,1,Yes
CUST-01353,Female,0,36,Two year,Electronic check,DSL,41.44,1491.84,3,No
CUST-01354,Male,0,66,Month-to-month,Bank transfer,DSL,32.96,2175.36,2,No
CUST-01355,Female,0,16,One year,Mailed check,DSL,43.7,699.2,2,No
CUST-01356,Female,0,36,Two year,Electronic check,No,34.81,1253.16,0,No
CUST-01357,Male,0,25,One year,Credit card,Fiber optic,82.69,2067.25,0,Yes
CUST-01358,Female,0,10,Month-to-month,Credit card,Fiber optic,87.23,872.3,2,Yes
CUST-01359,Female,0,8,One year,Electronic check,Fiber optic,72.72,581.76,0,No
CUST-01360,Female,0,27,Month-to-month,Electronic check,DSL,43.37,1170.99,4,No
CUST-01361,Male,0,6,Month-to-month,Electronic check,Fiber optic,81.63,489.78,0,Yes
CUST-01362,Male,0,5,Month-to-month,Mailed check,DSL,39.2,196.0,1,No
CUST-01363,Female,0,26,Month-to-month,Credit card,Fiber optic,83.2,2163.2,2,No
CUST-01364,Male,1,15,Month-to-month,Bank transfer,Fiber optic,84.92,,1,No
CUST-01365,Male,0,40,Month-to-month,Electronic check,Fiber optic,84.34,3373.6,2,No
CUST-01366,Female,0,2,Month-to-month,Mailed check,DSL,43.79,87.58,0,No
CUST-01367,Male,0,22,Month-to-month,Electronic check,No,28.73,632.06,4,No
CUST-01368,Female,0,33,One year,Mailed check,Fiber optic,77.94,2572.02,2,No
CUST-01369,Female,0,70,Two year,Mailed check,DSL,42.21,2954.7,2,No
CUST-01370,Male,0,46,Month-to-month,Bank transfer,DSL,56.53,2600.38,1,No
CUST-01371,Male,0,64,One year,Mailed check,Fiber optic,71.14,4552.96,0,No
CUST-01372,Male,0,25,Month-to-month,Credit card,DSL,31.38,784.5,1,No
CUST-01373,Male,0,33,Month-to-month,Electronic check,DSL,38.06,1255.98,0,No
CUST-01374,Female,0,31,Month-to-month,Credit card,DSL,48.1,1491.1,2,No
CUST-01375,Male,1,64,Month-to-month,Electronic check,DSL,55.27,3537.28,1,No
CUST-01376,Female,1,70,Month-to-month,Electronic check,Fiber optic,74.72,5230.4,1,No
CUST-01377,Female,0,70,Month-to-month,Credit card,Fiber optic,94.52,6616.4,0,No
CUST-01378,Male,0,55,Month-to-month,Bank transfer,DSL,45.22,2487.1,6,No
CUST-01379,Female,0,37,Month-to-month,Electronic check,Fiber optic,79.08,2925.96,2,No
CUST-01380,Male,1,39,Month-to-month,Mailed check,DSL,38.2,1489.8,1,No
CUST-01381,Male,0,71,Month-to-month,Bank transfer,DSL,60.61,4303.31,2,No
CUST-01382,Male,0,21,Month-to-month,Credit card,DSL,43.8,919.8,1,No
CUST-01383,Female,0,25,Month-to-month,Bank transfer,Fiber optic,69.34,1733.5,2,Yes
CUST-01384,Male,0,65,Month-to-month,Electronic check,No,39.66,2577.9,3,No
CUST-01385,Female,0,28,Month-to-month,Mailed check,Fiber optic,83.15,2328.2,2,No
CUST-01386,Female,0,17,Month-to-month,Electronic check,DSL,51.39,873.63,1,No
CUST-01387,Male,0,41,Month-to-month,Electronic check,DSL,58.45,2396.45,2,Yes
CUST-01388,Female,1,24,Two year,Bank transfer,DSL,49.92,1198.08,2,No
CUST-01389,Male,0,65,Month-to-month,Credit card,No,27.8,1807.0,1,No
CUST-01390,Female,1,66,Month-to-month,Electronic check,DSL,45.43,2998.38,1,No
CUST-01391,Male,0,23,Month-to-month,Credit card,No,25.87,595.01,2,No
CUST-01392,Female,1,39,Two year,Bank transfer,Fiber optic,79.73,3109.47,2,No
CUST-01393,Male,0,71,One year,Bank transfer,Fiber optic,79.84,5668.64,0,No
CUST-01394,Male,0,54,One year,Electronic check,No,20.96,1131.84,3,No
CUST-01395,Male,0,16,Two year,Mailed check,DSL,41.83,669.28,2,No
CUST-01396,Male,1,43,Month-to-month,Electronic check,Fiber optic,84.04,3613.72,3,Yes
CUST-01397,Male,0,45,Two year,Electronic check,DSL,49.01,2205.45,2,No
CUST-01398,Male,0,48,Month-to-month,Electronic check,No,26.55,1274.4,2,No
CUST-01399,Male,0,2,One year,Electronic check,Fiber optic,85.12,170.24,2,No
CUST-01400,Male,0,22,Month-to-month,Electronic check,DSL,61.0,1342.0,2,Yes
CUST-01401,Female,0,62,Month-to-month,Electronic check,No,28.42,1762.04,1,No
CUST-01402,Female,0,18,Two year,Credit card,DSL,43.34,780.12,1,Yes
CUST-01403,Male,0,22,Month-to-month,Credit card,DSL,48.62,1069.64,1,Yes
CUST-01404,Male,0,24,Two year,Electronic check,Fiber optic,91.3,2191.2,0,No
CUST-01405,Female,0,13,Month-to-month,Credit card,Fiber optic,72.4,941.2,1,No
CUST-01406,Female,0,12,One year,Electronic check,No,36.11,433.32,0,No
CUST-01407,Female,0,25,Two year,Mailed check,Fiber optic,73.8,1845.0,2,No
CUST-01408,Male,0,63,Month-to-month,Credit card,Fiber optic,87.2,5493.6,2,No
CUST-01409,Male,0,1,Two year,Mailed check,DSL,45.05,45.05,2,No
CUST-01410,Male,0,21,One year,Electronic check,DSL,44.59,936.39,1,No
CUST-01411,Male,0,5,One year,Mailed check,No,18.0,90.0,4,No
CUST-01412,Male,0,41,Month-to-month,Mailed check,DSL,52.26,2142.66,0,No
CUST-01413,Male,0,19,Month-to-month,Bank transfer,Fiber optic,69.69,1324.11,2,No
CUST-01414,Female,0,58,One year,Mailed check,DSL,33.46,1940.68,2,No
CUST-01415,Female,0,43,Month-to-month,Mailed check,DSL,54.28,2334.04,4,Yes
CUST-01416,Female,0,57,Month-to-month,Electronic check,Fiber optic,94.32,5376.24,2,Yes
CUST-01417,Female,1,46,Month-to-month,Mailed check,Fiber optic,74.66,3434.36,2,No
CUST-01418,Female,0,32,Two year,Electronic check,Fiber optic,88.02,2816.64,3,No
CUST-01419,Female,0,62,Month-to-month,Credit card,No,26.37,1634.94,3,No
CUST-01420,Male,0,35,One year,Bank transfer,DSL,44.27,1549.45,2,No
CUST-01421,Male,0,69,Two year,Mailed check,Fiber optic,90.69,6257.61,2,No
CUST-01422,Female,0,72,Month-to-month,Bank transfer,DSL,43.69,3145.68,2,No
CUST-01423,Female,1,43,Month-to-month,Electronic check,Fiber optic,84.14,3618.02,1,Yes
CUST-01424,Female,0,49,One year,Electronic check,DSL,34.97,1713.53,2,No
CUST-01425,Female,0,19,Month-to-month,Mailed check,Fiber optic,70.31,1335.89,0,Yes
CUST-01426,Male,0,59,One year,Mailed check,DSL,54.35,3206.65,0,No
CUST-01427,Male,1,49,One year,Bank transfer,No,24.41,1196.09,0,No
CUST-01428,Male,0,65,One year,Credit card,No,18.86,1225.9,0,No
CUST-01429,Male,0,20,Month-to-month,Mailed check,No,35.26,705.2,1,Yes
CUST-01430,Male,1,57,One year,Mailed check,DSL,60.18,3430.26,1,No
CUST-01431,Female,1,34,One year,Bank transfer,No,23.51,799.34,0,No
CUST-01432,Male,0,14,Month-to-month,Electronic check,DSL,33.35,466.9,0,No
CUST-01433,Male,0,13,One year,Electronic check,DSL,44.11,573.43,0,Yes
CUST-01434,Female,0,41,Two year,Credit card,DSL,38.34,1571.94,1,No
CUST-01435,Female,0,24,One year,Credit card,DSL,45.72,1097.28,2,No
CUST-01436,Male,0,8,Month-to-month,Credit card,Fiber optic,72.51,580.08,0,No
CUST-01437,Male,0,31,Month-to-month,Electronic check,DSL,35.43,1098.33,2,No
CUST-01438,Female,0,48,Month-to-month,Electronic check,Fiber optic,61.9,2971.2,5,No
CUST-01439,Female,0,23,Month-to-month,Mailed check,Fiber optic,81.34,1870.82,2,Yes
CUST-01440,Female,0,69,Month-to-month,Credit card,No,18.0,1242.0,1,No
CUST-01441,Female,0,57,Two year,Electronic check,Fiber optic,77.44,4414.08,3,No
CUST-01442,Male,0,37,Month-to-month,Electronic check,Fiber optic,85.56,3165.72,1,No
CUST-01443,Male,0,68,Two year,Electronic check,DSL,39.22,2666.96,2,No
CUST-01444,Female,0,32,Month-to-month,Bank transfer,No,18.0,576.0,1,No
CUST-01445,Female,0,11,Month-to-month,Credit card,DSL,44.46,489.06,0,No
CUST-01446,Male,0,3,Month-to-month,Bank transfer,DSL,38.37,115.11,1,Yes
CUST-01447,Female,1,68,Month-to-month,Electronic check,DSL,46.49,3161.32,2,Yes
CUST-01448,Male,0,70,One year,Bank transfer,Fiber optic,71.74,5021.8,6,No
CUST-01449,Male,1,54,Two year,Mailed check,Fiber optic,79.16,4274.64,0,No
CUST-01450,Male,0,8,Two year,Electronic check,Fiber optic,77.23,617.84,1,No
CUST-01451,Male,0,22,Month-to-month,Electronic check,DSL,44.91,988.02,2,No
CUST-01452,Male,0,3,One year,Mailed check,Fiber optic,93.08,279.24,1,No
CUST-01453,Male,0,4,Month-to-month,Electronic check,Fiber optic,81.6,326.4,0,Yes
CUST-01454,Male,0,18,Two year,Credit card,DSL,49.04,882.72,3,No
CUST-01455,Female,0,42,Month-to-month,Mailed check,Fiber optic,75.0,3150.0,3,Yes
CUST-01456,Female,0,5,Month-to-month,Mailed check,Fiber optic,81.79,408.95,1,No
CUST-01457,Male,0,71,Month-to-month,Bank transfer,Fiber optic,77.8,5523.8,1,No
CUST-01458,Female,0,33,Month-to-month,Bank transfer,DSL,45.24,1492.92,2,No
CUST-01459,Male,0,19,Month-to-month,Electronic check,Fiber optic,85.19,1618.61,1,No
CUST-01460,Female,0,38,Two year,Bank transfer,DSL,41.0,1558.0,4,No
CUST-01461,Male,0,57,One year,Electronic check,DSL,41.82,2383.74,1,No
CUST-01462,Male,0,23,Two year,Mailed check,DSL,41.11,945.53,1,No
CUST-01463,Male,0,4,Month-to-month,Bank transfer,Fiber optic,75.95,303.8,1,No
CUST-01464,Female,0,4,One year,Bank transfer,DSL,46.39,185.56,4,No
CUST-01465,Female,0,62,Month-to-month,Mailed check,Fiber optic,77.09,4779.58,2,No
CUST-01466,Male,0,9,Month-to-month,Electronic check,DSL,56.98,512.82,0,Yes
CUST-01467,Female,0,46,Month-to-month,Mailed check,Fiber optic,101.43,4665.78,2,No
CUST-01468,Female,0,28,Month-to-month,Electronic check,DSL,40.46,1132.88,1,No
CUST-01469,Female,0,56,One year,Credit card,Fiber optic,82.35,4611.6,2,No
CUST-01470,Female,0,5,Month-to-month,Mailed check,Fiber optic,88.3,441.5,2,Yes
CUST-01471,Male,0,65,Month-to-month,Credit card,Fiber optic,77.87,5061.55,1,No
CUST-01472,Female,0,51,One year,Mailed check,DSL,37.04,1889.04,3,No
CUST-01473,Female,0,33,Month-to-month,Credit card,Fiber optic,93.91,3099.03,0,Yes
CUST-01474,Male,0,15,Two year,Electronic check,No,25.49,382.35,2,No
CUST-01475,Male,0,71,Month-to-month,Electronic check,No,22.55,1601.05,3,No
CUST-01476,Female,0,22,Two year,Electronic check,DSL,56.6,1245.2,0,No
CUST-01477,Female,0,36,One year,Electronic check,Fiber optic,86.16,3101.76,3,Yes
CUST-01478,Female,0,29,One year,Credit card,DSL,44.62,1293.98,0,No
CUST-01479,Female,0,17,One year,Bank transfer,DSL,37.19,632.23,0,No
CUST-01480,Male,1,30,Two year,Bank transfer,Fiber optic,76.05,2281.5,0,No
CUST-01481,Male,0,11,One year,Mailed check,Fiber optic,89.64,986.04,4,No
CUST-01482,Female,0,1,Month-to-month,Bank transfer,Fiber optic,85.46,85.46,2,Yes
CUST-01483,Female,0,21,Month-to-month,Bank transfer,No,18.51,388.71,3,Yes
CUST-01484,Male,0,9,One year,Credit card,DSL,59.13,532.17,3,Yes
CUST-01485,Female,0,30,Month-to-month,Bank transfer,Fiber optic,78.74,2362.2,0,No
CUST-01486,Female,1,63,Month-to-month,Bank transfer,Fiber optic,87.9,5537.7,1,No
CUST-01487,Male,0,12,Month-to-month,Electronic check,DSL,46.76,561.12,0,Yes
CUST-01488,Female,0,1,Month-to-month,Credit card,Fiber optic,95.46,95.46,1,No
CUST-01489,Female,0,8,Month-to-month,Electronic check,No,26.02,208.16,2,Yes
CUST-01490,Female,1,37,One year,Mailed check,Fiber optic,80.37,2973.69,2,No
CUST-01491,Male,0,20,One year,Credit card,DSL,43.57,871.4,0,No
CUST-01492,Male,0,36,Two year,Electronic check,Fiber optic,79.88,2875.68,1,No
CUST-01493,Female,0,3,Month-to-month,Electronic check,No,18.0,54.0,2,No
CUST-01494,Male,0,24,Month-to-month,Mailed check,No,18.0,432.0,0,No
CUST-01495,Female,0,30,One year,Mailed check,Fiber optic,82.47,2474.1,2,No
CUST-01496,Male,0,32,Month-to-month,Credit card,Fiber optic,75.73,2423.36,1,Yes
CUST-01497,Female,0,40,One year,Credit card,Fiber optic,75.71,3028.4,1,No
CUST-01498,Male,0,57,Month-to-month,Mailed check,No,19.29,1099.53,1,No
CUST-01499,Female,0,34,Two year,Credit card,No,20.42,694.28,2,No
CUST-01500,Female,0,61,Month-to-month,Bank transfer,No,20.06,1223.66,4,No
CUST-01501,Female,0,39,Two year,Credit card,Fiber optic,93.91,3662.49,1,No
CUST-01502,Male,0,19,One year,Electronic check,DSL,50.3,955.7,2,No
CUST-01503,Male,0,17,Month-to-month,Mailed check,Fiber optic,96.86,1646.62,1,Yes
CUST-01504,Female,0,24,One year,Electronic check,DSL,41.49,995.76,1,No
CUST-01505,Male,0,44,Month-to-month,Electronic check,DSL,51.27,2255.88,1,No
CUST-01506,Male,0,18,One year,Bank transfer,Fiber optic,76.93,1384.74,0,Yes
CUST-01507,Female,0,66,One year,Electronic check,Fiber optic,75.51,4983.66,1,No
CUST-01508,Male,0,35,Month-to-month,Mailed check,No,37.16,1300.6,1,Yes
CUST-01509,Female,0,63,Month-to-month,Bank transfer,Fiber optic,73.85,4652.55,6,No
CUST-01510,Male,0,50,One year,Electronic check,No,18.0,900.0,1,No
CUST-01511,Female,0,25,Month-to-month,Mailed check,Fiber optic,74.34,1858.5,2,Yes
CUST-01512,Male,0,17,Two year,Bank transfer,Fiber optic,63.93,1086.81,0,No
CUST-01513,Female,0,54,One year,Credit card,DSL,37.39,2019.06,0,No
CUST-01514,Male,0,24,One year,Electronic check,Fiber optic,73.13,1755.12,0,No
CUST-01515,Female,0,18,Month-to-month,Credit card,DSL,45.28,815.04,1,No
CUST-01516,Male,1,67,One year,Credit card,DSL,28.6,1916.2,2,No
CUST-01517,Male,0,35,Two year,Bank transfer,DSL,54.57,1909.95,5,Yes
CUST-01518,Male,0,4,Month-to-month,Mailed check,No,18.0,72.0,3,No
CUST-01519,Male,0,36,Month-to-month,Bank transfer,Fiber optic,78.98,2843.28,2,Yes
CUST-01520,Male,0,34,Month-to-month,Credit card,No,18.0,612.0,3,Yes
CUST-01521,Female,0,63,Month-to-month,Electronic check,No,26.6,1675.8,2,No
CUST-01522,Female,0,52,One year,Credit card,No,22.81,1186.12,3,No
CUST-01523,Female,0,14,Month-to-month,Credit card,DSL,54.49,762.86,2,Yes
CUST-01524,Female,0,11,One year,Mailed check,No,18.0,198.0,1,No
CUST-01525,Male,0,44,Month-to-month,Bank transfer,No,18.0,792.0,1,No
CUST-01526,Female,0,4,Month-to-month,Mailed check,No,23.3,93.2,2,Yes
CUST-01527,Male,0,23,Month-to-month,Bank transfer,DSL,53.23,1224.29,1,No
CUST-01528,Male,0,10,Two year,Credit card,DSL,51.6,516.0,1,No
CUST-01529,Female,0,2,One year,Electronic check,No,22.57,45.14,3,No
CUST-01530,Male,0,67,Month-to-month,Electronic check,DSL,46.86,3139.62,1,No
CUST-01531,Male,0,7,One year,Electronic check,Fiber optic,79.71,557.97,3,No
CUST-01532,Male,0,1,Month-to-month,Credit card,Fiber optic,83.28,83.28,2,Yes
CUST-01533,Female,0,68,Month-to-month,Mailed check,DSL,61.28,4167.04,2,No
CUST-01534,Female,1,14,Month-to-month,Credit card,DSL,43.06,602.84,3,Yes
CUST-01535,Female,0,59,Two year,Mailed check,No,18.0,1062.0,0,No
CUST-01536,Female,0,3,One year,Electronic check,No,18.0,54.0,1,No
CUST-01537,Male,0,12,One year,Credit card,No,23.11,277.32,0,No
CUST-01538,Male,1,8,Month-to-month,Bank transfer,DSL,28.03,224.24,1,No
CUST-01539,Male,0,51,Month-to-month,Mailed check,DSL,43.92,2239.92,2,No
CUST-01540,Male,1,45,One year,Electronic check,Fiber optic,87.05,3917.25,1,No
CUST-01541,Male,0,35,Month-to-month,Electronic check,Fiber optic,75.79,2652.65,0,No
CUST-01542,Male,1,18,Two year,Electronic check,DSL,46.49,836.82,2,No
CUST-01543,Female,0,7,One year,Mailed check,Fiber optic,96.87,678.09,2,No
CUST-01544,Male,0,41,Month-to-month,Bank transfer,No,22.65,928.65,2,No
CUST-01545,Male,0,17,One year,Electronic check,Fiber optic,62.09,1055.53,0,Yes
CUST-01546,Female,0,43,Two year,Electronic check,Fiber optic,68.72,2954.96,2,No
CUST-01547,Male,1,50,Month-to-month,Electronic check,Fiber optic,77.99,3899.5,2,No
CUST-01548,Male,0,62,One year,Mailed check,DSL,38.57,2391.34,5,No
CUST-01549,Male,0,36,Two year,Credit card,DSL,45.83,1649.88,1,No
CUST-01550,Male,0,1,Month-to-month,Mailed check,Fiber optic,77.64,77.64,2,No
CUST-01551,Female,0,21,Two year,Electronic check,Fiber optic,89.33,1875.93,1,Yes
CUST-01552,Male,0,62,Month-to-month,Bank transfer,Fiber optic,71.27,4418.74,0,No
CUST-01553,Female,0,39,One year,Credit card,No,18.34,715.26,0,No
CUST-01554,Male,1,45,One year,Credit card,DSL,46.74,2103.3,1,No
CUST-01555,Female,1,33,One year,Credit card,DSL,47.73,1575.09,3,No
CUST-01556,Male,0,12,Month-to-month,Credit card,DSL,46.17,554.04,0,No
CUST-01557,Male,0,65,One year,Bank transfer,DSL,25.71,1671.15,2,No
CUST-01558,Male,1,56,Month-to-month,Credit card,Fiber optic,80.67,4517.52,2,No
CUST-01559,Female,1,72,Month-to-month,Electronic check,No,18.79,1352.88,1,No
CUST-01560,Male,0,62,Month-to-month,Credit card,No,26.91,1668.42,0,No
CUST-01561,Female,0,21,One year,Credit card,Fiber optic,85.78,1801.38,0,No
CUST-01562,Male,0,19,Month-to-month,Credit card,Fiber optic,81.93,1556.67,3,Yes
CUST-01563,Male,0,18,Month-to-month,Mailed check,DSL,47.51,855.18,4,No
CUST-01564,Female,0,67,Two year,Credit card,Fiber optic,90.82,6084.94,1,No
CUST-01565,Male,0,41,Month-to-month,Electronic check,DSL,54.2,2222.2,3,No
CUST-01566,Female,0,33,Month-to-month,Bank transfer,No,22.2,732.6,0,Yes
CUST-01567,Female,0,70,Month-to-month,Mailed check,Fiber optic,97.16,,1,No
CUST-01568,Male,0,44,Month-to-month,Bank transfer,DSL,39.97,1758.68,2,No
CUST-01569,Female,0,66,One year,Bank transfer,DSL,35.52,2344.32,0,No
CUST-01570,Female,1,71,Month-to-month,Electronic check,DSL,44.91,3188.61,3,No
CUST-01571,Female,0,6,Month-to-month,Electronic check,No,18.0,108.0,1,Yes
CUST-01572,Male,0,27,Two year,Electronic check,DSL,25.28,682.56,3,No
CUST-01573,Male,1,53,Two year,Bank transfer,DSL,39.78,2108.34,2,No
CUST-01574,Female,0,59,One year,Bank transfer,DSL,47.75,2817.25,0,No
CUST-01575,Female,0,11,Two year,Bank transfer,No,19.54,214.94,1,No
CUST-01576,Female,0,23,Two year,Electronic check,Fiber optic,73.79,1697.17,3,Yes
CUST-01577,Female,0,40,Month-to-month,Credit card,Fiber optic,80.34,3213.6,1,Yes
CUST-01578,Male,1,58,One year,Bank transfer,Fiber optic,80.98,4696.84,1,No
CUST-01579,Male,1,9,One year,Electronic check,DSL,50.72,,0,No
CUST-01580,Male,0,44,Month-to-month,Electronic check,No,18.0,792.0,0,No
CUST-01581,Male,0,22,Month-to-month,Mailed check,DSL,51.99,1143.78,1,No
CUST-01582,Female,0,16,Month-to-month,Mailed check,DSL,36.27,580.32,0,No
CUST-01583,Male,0,38,One year,Electronic check,Fiber optic,75.97,2886.86,1,Yes
CUST-01584,Male,0,30,One year,Electronic check,DSL,58.59,1757.7,2,No
CUST-01585,Female,0,46,One year,Electronic check,DSL,36.81,1693.26,0,No
CUST-01586,Male,1,23,Month-to-month,Electronic check,No,18.0,414.0,0,No
CUST-01587,Female,0,60,Month-to-month,Electronic check,Fiber optic,69.98,4198.8,2,Yes
CUST-01588,Female,0,6,Month-to-month,Credit card,DSL,38.38,230.28,1,No
CUST-01589,Female,0,63,Month-to-month,Mailed check,DSL,46.11,2904.93,0,No
CUST-01590,Male,0,3,Two year,Mailed check,Fiber optic,85.65,256.95,2,No
CUST-01591,Female,0,53,Two year,Bank transfer,DSL,44.85,2377.05,3,No
CUST-01592,Female,0,25,Two year,Mailed check,DSL,42.4,1060.0,2,No
CUST-01593,Female,0,28,Two year,Electronic check,Fiber optic,70.06,1961.68,0,No
CUST-01594,Female,0,2,Two year,Electronic check,Fiber optic,74.18,148.36,3,Yes
CUST-01595,Female,0,51,Month-to-month,Electronic check,No,18.0,918.0,3,No
CUST-01596,Female,0,12,Month-to-month,Bank transfer,Fiber optic,85.89,1030.68,1,Yes
CUST-01597,Female,0,48,Month-to-month,Mailed check,DSL,51.45,2469.6,3,No
CUST-01598,Female,0,53,Month-to-month,Mailed check,Fiber optic,79.68,4223.04,2,No
CUST-01599,Male,0,61,Month-to-month,Bank transfer,Fiber optic,83.53,5095.33,0,No
CUST-01600,Female,0,51,Month-to-month,Credit card,DSL,52.01,2652.51,0,No
CUST-01601,Male,0,22,Two year,Electronic check,Fiber optic,80.81,1777.82,3,No
CUST-01602,Female,0,54,Month-to-month,Mailed check,DSL,56.15,3032.1,2,No
CUST-01603,Male,0,60,Two year,Mailed check,No,18.0,1080.0,0,No
CUST-01604,Female,0,23,One year,Bank transfer,No,18.0,414.0,0,No
CUST-01605,Female,0,9,One year,Bank transfer,Fiber optic,76.26,686.34,6,No
CUST-01606,Female,0,65,One year,Bank transfer,No,25.18,1636.7,1,No
CUST-01607,Female,0,11,Month-to-month,Electronic check,No,18.0,198.0,3,Yes
CUST-01608,Female,1,43,One year,Mailed check,DSL,56.58,2432.94,2,No
CUST-01609,Male,0,18,Month-to-month,Credit card,Fiber optic,84.49,1520.82,2,Yes
CUST-01610,Female,0,10,Two year,Mailed check,Fiber optic,94.0,940.0,1,No
CUST-01611,Male,1,56,Month-to-month,Credit card,DSL,44.68,2502.08,1,No
CUST-01612,Female,0,11,Month-to-month,Mailed check,Fiber optic,75.6,831.6,2,Yes
CUST-01613,Male,0,49,One year,Mailed check,DSL,50.26,2462.74,2,Yes
CUST-01614,Male,0,50,One year,Mailed check,No,28.24,1412.0,1,No
CUST-01615,Female,1,5,Month-to-month,Mailed check,Fiber optic,74.28,371.4,2,Yes
CUST-01616,Female,0,13,One year,Credit card,Fiber optic,64.02,832.26,3,Yes
CUST-01617,Female,0,58,Month-to-month,Electronic check,Fiber optic,65.39,3792.62,3,Yes
CUST-01618,Male,1,37,One year,Bank transfer,DSL,47.09,1742.33,3,No
CUST-01619,Male,0,9,Month-to-month,Bank transfer,No,32.32,290.88,0,Yes
CUST-01620,Male,0,72,Month-to-month,Credit card,DSL,34.59,2490.48,2,No
CUST-01621,Female,0,20,Month-to-month,Bank transfer,DSL,42.82,856.4,1,Yes
CUST-01622,Male,0,1,Month-to-month,Credit card,Fiber optic,77.21,77.21,0,Yes
CUST-01623,Male,0,67,Month-to-month,Credit card,Fiber optic,95.36,6389.12,1,Yes
CUST-01624,Female,1,2,Month-to-month,Electronic check,DSL,63.07,126.14,2,Yes
CUST-01625,Female,0,40,Month-to-month,Credit card,DSL,48.4,1936.0,1,No
CUST-01626,Female,0,72,Month-to-month,Credit card,DSL,52.18,3756.96,2,No
CUST-01627,Male,0,42,Month-to-month,Electronic check,DSL,51.96,2182.32,0,No
CUST-01628,Male,0,43,Month-to-month,Bank transfer,DSL,34.76,1494.68,1,No
CUST-01629,Female,1,28,One year,Electronic check,Fiber optic,85.59,2396.52,2,Yes
CUST-01630,Male,0,10,Two year,Bank transfer,DSL,36.84,368.4,0,No
CUST-01631,Female,0,42,Month-to-month,Electronic check,DSL,43.63,1832.46,1,No
CUST-01632,Male,1,65,Two year,Bank transfer,Fiber optic,89.12,5792.8,2,No
CUST-01633,Male,1,7,Month-to-month,Mailed check,Fiber optic,80.65,564.55,0,Yes
CUST-01634,Male,0,64,Month-to-month,Bank transfer,DSL,53.82,3444.48,0,No
CUST-01635,Male,0,30,One year,Electronic check,DSL,55.39,1661.7,3,Yes
CUST-01636,Male,0,39,One year,Bank transfer,DSL,30.94,1206.66,0,No
CUST-01637,Male,0,12,Two year,Mailed check,No,18.0,216.0,2,No
CUST-01638,Female,0,45,Month-to-month,Bank transfer,DSL,54.3,2443.5,0,No
CUST-01639,Female,1,14,One year,Electronic check,DSL,54.62,764.68,0,No
CUST-01640,Male,0,20,Month-to-month,Electronic check,Fiber optic,82.05,1641.0,1,Yes
CUST-01641,Female,0,52,Month-to-month,Mailed check,DSL,48.14,2503.28,1,No
CUST-01642,Male,0,4,Month-to-month,Credit card,DSL,52.14,208.56,1,No
CUST-01643,Male,0,33,Two year,Electronic check,DSL,52.0,1716.0,1,No
CUST-01644,Male,0,43,Month-to-month,Bank transfer,Fiber optic,77.57,,0,No
CUST-01645,Female,0,10,Two year,Electronic check,Fiber optic,87.65,876.5,1,No
CUST-01646,Female,0,22,One year,Bank transfer,Fiber optic,77.23,1699.06,1,No
CUST-01647,Female,0,25,One year,Electronic check,Fiber optic,81.95,2048.75,3,No
CUST-01648,Female,0,48,One year,Mailed check,DSL,46.6,2236.8,1,No
CUST-01649,Female,0,71,Two year,Mailed check,No,18.0,1278.0,3,No
CUST-01650,Male,0,61,Month-to-month,Electronic check,Fiber optic,74.06,4517.66,3,Yes
CUST-01651,Male,0,14,Month-to-month,Electronic check,No,37.87,530.18,5,Yes
CUST-01652,Male,0,2,One year,Mailed check,Fiber optic,72.86,145.72,0,No
CUST-01653,Male,0,4,Month-to-month,Mailed check,Fiber optic,82.96,331.84,2,Yes
CUST-01654,Female,0,43,Month-to-month,Credit card,DSL,49.64,2134.52,5,Yes
CUST-01655,Male,0,12,Month-to-month,Mailed check,Fiber optic,79.57,954.84,2,Yes
CUST-01656,Male,0,17,Month-to-month,Credit card,DSL,50.37,856.29,1,No
CUST-01657,Male,1,62,Month-to-month,Mailed check,Fiber optic,82.63,,3,Yes
CUST-01658,Female,0,63,Month-to-month,Electronic check,DSL,38.04,2396.52,4,No
CUST-01659,Female,0,61,Two year,Electronic check,DSL,49.29,3006.69,2,No
CUST-01660,Female,0,19,Month-to-month,Mailed check,No,18.0,342.0,1,No
CUST-01661,Female,0,45,Two year,Electronic check,Fiber optic,93.93,4226.85,1,No
CUST-01662,Female,0,44,Two year,Credit card,Fiber optic,83.43,3670.92,2,No
CUST-01663,Female,1,14,Month-to-month,Bank transfer,DSL,39.4,551.6,5,No
CUST-01664,Female,0,40,One year,Bank transfer,Fiber optic,82.74,3309.6,3,No
CUST-01665,Female,0,38,One year,Mailed check,No,18.0,684.0,3,No
CUST-01666,Male,0,29,One year,Mailed check,Fiber optic,82.06,2379.74,2,No
CUST-01667,Female,0,55,Month-to-month,Bank transfer,Fiber optic,78.19,4300.45,2,No
CUST-01668,Male,1,49,Month-to-month,Electronic check,Fiber optic,73.39,3596.11,2,No
CUST-01669,Male,0,39,Month-to-month,Electronic check,DSL,38.28,1492.92,0,No
CUST-01670,Male,0,53,One year,Electronic check,Fiber optic,99.48,5272.44,3,No
CUST-01671,Female,1,55,Two year,Electronic check,No,20.73,1140.15,2,No
CUST-01672,Male,1,41,One year,Bank transfer,Fiber optic,76.55,3138.55,5,Yes
CUST-01673,Male,0,20,One year,Electronic check,Fiber optic,75.16,1503.2,1,No
CUST-01674,Male,0,55,Two year,Electronic check,Fiber optic,83.77,4607.35,1,No
CUST-01675,Female,0,52,One year,Credit card,Fiber optic,74.89,3894.28,1,No
CUST-01676,Male,1,71,Month-to-month,Credit card,No,18.0,1278.0,0,No
CUST-01677,Female,0,11,Two year,Mailed check,Fiber optic,79.74,877.14,2,No
CUST-01678,Female,0,31,Month-to-month,Mailed check,Fiber optic,79.68,2470.08,5,Yes
CUST-01679,Female,0,67,Month-to-month,Credit card,Fiber optic,76.66,5136.22,1,No
CUST-01680,Male,0,38,Month-to-month,Electronic check,Fiber optic,72.87,2769.06,2,No
CUST-01681,Male,0,68,Two year,Mailed check,DSL,41.87,2847.16,4,No
CUST-01682,Female,0,1,Month-to-month,Electronic check,Fiber optic,76.24,76.24,0,Yes
CUST-01683,Male,0,3,Month-to-month,Mailed check,No,18.0,54.0,2,No
CUST-01684,Male,0,58,Month-to-month,Credit card,Fiber optic,82.21,4768.18,1,No
CUST-01685,Male,0,26,Month-to-month,Bank transfer,DSL,62.81,1633.06,1,Yes
CUST-01686,Male,0,38,Month-to-month,Credit card,Fiber optic,90.65,3444.7,0,No
CUST-01687,Male,0,31,One year,Bank transfer,Fiber optic,95.54,2961.74,0,No
CUST-01688,Male,0,30,Two year,Bank transfer,DSL,40.46,1213.8,1,No
CUST-01689,Male,0,68,Month-to-month,Bank transfer,Fiber optic,93.4,6351.2,1,No
CUST-01690,Female,0,7,Month-to-month,Bank transfer,Fiber optic,81.82,572.74,2,No
CUST-01691,Female,0,56,Month-to-month,Mailed check,No,27.89,1561.84,1,No
CUST-01692,Female,0,65,Month-to-month,Electronic check,DSL,48.66,3162.9,4,No
CUST-01693,Male,0,48,One year,Mailed check,DSL,42.25,2028.0,0,No
CUST-01694,Female,0,29,One year,Electronic check,Fiber optic,85.76,2487.04,0,No
CUST-01695,Male,0,12,One year,Mailed check,DSL,48.88,586.56,1,No
CUST-01696,Male,0,50,Month-to-month,Electronic check,Fiber optic,65.85,3292.5,0,No
CUST-01697,Female,0,34,One year,Bank transfer,Fiber optic,79.01,2686.34,0,No
CUST-01698,Male,0,11,Month-to-month,Electronic check,DSL,51.98,571.78,0,Yes
CUST-01699,Male,0,26,Month-to-month,Electronic check,Fiber optic,82.22,2137.72,1,Yes
CUST-01700,Female,0,70,Two year,Mailed check,No,23.76,1663.2,2,No
CUST-01701,Male,1,20,One year,Electronic check,Fiber optic,73.99,1479.8,1,No
CUST-01702,Male,0,13,Two year,Credit card,Fiber optic,82.05,1066.65,1,No
CUST-01703,Female,0,50,Two year,Mailed check,Fiber optic,79.23,3961.5,2,No
CUST-01704,Male,0,15,One year,Mailed check,DSL,43.37,650.55,0,No
CUST-01705,Female,0,67,Two year,Electronic check,DSL,39.57,2651.19,0,No
CUST-01706,Male,0,62,Month-to-month,Credit card,Fiber optic,87.32,5413.84,2,No
CUST-01707,Male,0,71,Month-to-month,Bank transfer,Fiber optic,82.76,5875.96,0,No
CUST-01708,Male,0,66,Month-to-month,Mailed check,DSL,46.96,3099.36,1,No
CUST-01709,Male,1,18,Month-to-month,Electronic check,DSL,61.41,1105.38,1,No
CUST-01710,Male,0,16,Month-to-month,Bank transfer,No,23.79,380.64,6,Yes
CUST-01711,Female,0,25,Month-to-month,Credit card,DSL,54.6,1365.0,0,No
CUST-01712,Male,0,34,One year,Mailed check,Fiber optic,82.18,2794.12,0,No
CUST-01713,Female,1,64,One year,Electronic check,Fiber optic,77.17,4938.88,2,No
CUST-01714,Female,0,53,One year,Electronic check,Fiber optic,71.53,3791.09,3,No
CUST-01715,Male,0,47,Month-to-month,Electronic check,DSL,46.93,2205.71,0,No
CUST-01716,Female,0,64,One year,Bank transfer,DSL,23.69,1516.16,1,No
CUST-01717,Male,0,47,Month-to-month,Credit card,Fiber optic,82.18,3862.46,1,Yes
CUST-01718,Male,0,28,Month-to-month,Credit card,Fiber optic,82.52,2310.56,1,No
CUST-01719,Female,0,30,Month-to-month,Credit card,DSL,43.26,1297.8,1,No
CUST-01720,Male,0,38,Month-to-month,Electronic check,Fiber optic,79.26,3011.88,1,No
CUST-01721,Female,0,7,Month-to-month,Credit card,Fiber optic,69.99,489.93,1,Yes
CUST-01722,Female,0,54,Two year,Electronic check,DSL,56.08,3028.32,0,No
CUST-01723,Female,0,47,One year,Electronic check,Fiber optic,77.3,3633.1,4,No
CUST-01724,Male,0,53,One year,Bank transfer,DSL,37.22,1972.66,1,No
CUST-01725,Female,1,39,Month-to-month,Electronic check,Fiber optic,84.36,,5,Yes
CUST-01726,Female,1,57,Two year,Credit card,DSL,45.89,2615.73,2,No
CUST-01727,Male,0,69,One year,Credit card,Fiber optic,77.13,5321.97,2,No
CUST-01728,Male,0,42,Month-to-month,Credit card,DSL,41.29,1734.18,2,No
CUST-01729,Male,0,32,One year,Credit card,Fiber optic,79.95,2558.4,0,No
CUST-01730,Female,1,8,Month-to-month,Mailed check,Fiber optic,90.77,726.16,1,No
CUST-01731,Female,0,57,Month-to-month,Electronic check,No,23.76,1354.32,1,No
CUST-01732,Female,0,66,Month-to-month,Credit card,Fiber optic,79.72,5261.52,1,No
CUST-01733,Male,0,51,Month-to-month,Bank transfer,No,26.82,1367.82,5,No
CUST-01734,Male,0,63,Month-to-month,Credit card,DSL,45.22,2848.86,0,No
CUST-01735,Male,0,63,Month-to-month,Electronic check,Fiber optic,83.21,5242.23,1,Yes
CUST-01736,Female,0,58,Month-to-month,Electronic check,DSL,46.21,2680.18,5,No
CUST-01737,Male,0,37,Two year,Mailed check,Fiber optic,84.72,3134.64,2,No
CUST-01738,Female,0,8,Month-to-month,Bank transfer,Fiber optic,76.45,611.6,3,Yes
CUST-01739,Female,1,1,Month-to-month,Credit card,No,18.0,18.0,0,No
CUST-01740,Female,0,15,Month-to-month,Credit card,Fiber optic,87.25,1308.75,3,Yes
CUST-01741,Male,0,32,Two year,Electronic check,Fiber optic,92.04,2945.28,3,Yes
CUST-01742,Male,0,54,One year,Mailed check,DSL,36.26,1958.04,1,No
CUST-01743,Female,0,33,Two year,Electronic check,DSL,46.43,1532.19,0,No
CUST-01744,Male,0,2,Month-to-month,Electronic check,Fiber optic,76.41,152.82,1,Yes
CUST-01745,Female,0,16,Month-to-month,Mailed check,DSL,52.07,833.12,2,No
CUST-01746,Male,1,71,One year,Bank transfer,DSL,46.97,3334.87,0,No
CUST-01747,Male,1,72,Month-to-month,Mailed check,No,46.62,3356.64,3,Yes
CUST-01748,Female,0,28,Two year,Mailed check,No,18.0,504.0,3,No
CUST-01749,Female,0,58,Two year,Bank transfer,Fiber optic,92.3,5353.4,1,No
CUST-01750,Male,0,52,Month-to-month,Credit card,Fiber optic,93.08,4840.16,3,Yes
CUST-01751,Female,0,68,Two year,Electronic check,No,24.27,1650.36,2,No
CUST-01752,Male,0,64,One year,Electronic check,DSL,45.3,2899.2,2,No
CUST-01753,Male,1,46,Month-to-month,Bank transfer,Fiber optic,80.76,3714.96,3,Yes
CUST-01754,Female,0,29,Month-to-month,Credit card,Fiber optic,80.08,2322.32,3,Yes
CUST-01755,Male,0,46,Month-to-month,Credit card,No,29.07,1337.22,2,No
CUST-01756,Male,1,23,Two year,Electronic check,No,18.0,414.0,3,No
CUST-01757,Male,1,26,Month-to-month,Mailed check,Fiber optic,78.71,2046.46,0,Yes
CUST-01758,Female,0,44,Month-to-month,Credit card,DSL,42.74,1880.56,4,No
CUST-01759,Male,0,42,One year,Mailed check,Fiber optic,66.19,2779.98,0,No
CUST-01760,Male,0,42,Month-to-month,Mailed check,DSL,51.87,2178.54,0,No
CUST-01761,Male,0,28,Month-to-month,Credit card,No,28.5,798.0,0,No
CUST-01762,Female,0,30,One year,Electronic check,DSL,39.93,1197.9,1,No
CUST-01763,Male,0,1,Month-to-month,Bank transfer,DSL,53.24,53.24,0,No
CUST-01764,Male,0,44,Month-to-month,Credit card,Fiber optic,67.33,2962.52,1,Yes
CUST-01765,Male,0,42,Month-to-month,Electronic check,Fiber optic,80.19,3367.98,3,Yes
CUST-01766,Male,0,68,Month-to-month,Bank transfer,No,18.99,1291.32,0,No
CUST-01767,Male,0,37,Month-to-month,Mailed check,DSL,45.7,1690.9,1,No
CUST-01768,Female,0,34,One year,Credit card,No,20.66,702.44,2,No
CUST-01769,Male,0,5,Two year,Credit card,DSL,44.38,221.9,2,No
CUST-01770,Male,0,15,Month-to-month,Credit card,DSL,41.9,628.5,0,No
CUST-01771,Female,1,25,Two year,Electronic check,Fiber optic,79.13,1978.25,2,No
CUST-01772,Male,0,28,One year,Bank transfer,DSL,55.91,1565.48,0,No
CUST-01773,Male,0,27,One year,Credit card,Fiber optic,75.37,2034.99,3,Yes
CUST-01774,Male,0,29,One year,Bank transfer,DSL,63.04,1828.16,1,No
CUST-01775,Female,1,56,One year,Bank transfer,DSL,39.92,2235.52,2,No
CUST-01776,Female,0,10,Two year,Electronic check,Fiber optic,81.92,,1,No
CUST-01777,Female,0,24,Month-to-month,Credit card,DSL,49.57,1189.68,2,No
CUST-01778,Male,1,12,Month-to-month,Electronic check,Fiber optic,77.67,932.04,2,Yes
CUST-01779,Male,0,23,Month-to-month,Electronic check,Fiber optic,91.06,2094.38,4,No
CUST-01780,Male,0,50,Month-to-month,Credit card,DSL,49.36,2468.0,1,No
CUST-01781,Female,0,4,One year,Credit card,Fiber optic,78.36,313.44,3,No
CUST-01782,Male,1,25,Month-to-month,Credit card,DSL,55.97,1399.25,2,Yes
CUST-01783,Male,0,2,Month-to-month,Mailed check,Fiber optic,71.88,143.76,0,Yes
CUST-01784,Male,0,69,Month-to-month,Electronic check,DSL,40.48,2793.12,1,No
CUST-01785,Female,0,53,Month-to-month,Mailed check,No,24.5,1298.5,2,Yes
CUST-01786,Female,0,18,One year,Electronic check,Fiber optic,86.41,1555.38,4,Yes
CUST-01787,Female,0,15,One year,Credit card,Fiber optic,82.58,1238.7,1,No
CUST-01788,Male,0,8,Month-to-month,Bank transfer,No,18.98,151.84,1,Yes
CUST-01789,Female,0,35,Month-to-month,Mailed check,DSL,42.99,1504.65,1,No
CUST-01790,Female,0,55,Month-to-month,Electronic check,No,29.05,1597.75,1,Yes
CUST-01791,Female,0,43,Month-to-month,Mailed check,Fiber optic,81.92,3522.56,1,No
CUST-01792,Female,1,64,One year,Credit card,No,18.0,1152.0,0,No
CUST-01793,Female,0,25,One year,Bank transfer,No,18.0,450.0,2,No
CUST-01794,Female,0,21,Month-to-month,Electronic check,No,32.11,674.31,1,Yes
CUST-01795,Male,0,35,Month-to-month,Electronic check,DSL,39.25,1373.75,3,No
CUST-01796,Female,0,15,Two year,Mailed check,Fiber optic,82.18,1232.7,3,No
CUST-01797,Male,0,71,One year,Electronic check,No,30.81,2187.51,5,No
CUST-01798,Male,0,14,Month-to-month,Credit card,Fiber optic,84.34,1180.76,1,Yes
CUST-01799,Male,0,35,Month-to-month,Bank transfer,DSL,38.94,1362.9,1,Yes
CUST-01800,Female,0,38,Month-to-month,Electronic check,No,18.0,684.0,3,No
CUST-01801,Female,0,5,Two year,Credit card,DSL,59.96,299.8,3,No
CUST-01802,Female,0,34,Month-to-month,Mailed check,Fiber optic,71.67,2436.78,0,No
CUST-01803,Female,0,33,Month-to-month,Electronic check,Fiber optic,75.57,2493.81,1,No
CUST-01804,Female,0,19,Two year,Bank transfer,DSL,47.98,911.62,1,No
CUST-01805,Female,0,10,One year,Electronic check,Fiber optic,78.25,782.5,0,No
CUST-01806,Male,0,4,Month-to-month,Mailed check,DSL,49.59,198.36,1,No
CUST-01807,Male,0,1,Month-to-month,Credit card,Fiber optic,68.26,68.26,2,Yes
CUST-01808,Male,0,35,Month-to-month,Credit card,No,18.32,641.2,0,No
CUST-01809,Female,0,7,One year,Electronic check,DSL,50.42,352.94,1,No
CUST-01810,Female,1,70,Month-to-month,Bank transfer,Fiber optic,85.45,5981.5,1,No
CUST-01811,Female,0,18,Two year,Electronic check,DSL,40.42,727.56,2,No
CUST-01812,Male,0,47,Two year,Bank transfer,No,18.0,846.0,7,Yes
CUST-01813,Male,0,49,Month-to-month,Electronic check,No,21.71,1063.79,2,Yes
CUST-01814,Female,0,36,One year,Bank transfer,DSL,34.5,1242.0,1,No
CUST-01815,Female,0,64,Month-to-month,Electronic check,Fiber optic,90.27,5777.28,1,No
CUST-01816,Male,1,8,Month-to-month,Credit card,Fiber optic,81.26,650.08,1,Yes
CUST-01817,Male,0,17,One year,Credit card,Fiber optic,74.43,1265.31,1,Yes
CUST-01818,Female,0,19,Month-to-month,Electronic check,Fiber optic,71.56,1359.64,1,No
CUST-01819,Male,0,10,Month-to-month,Credit card,Fiber optic,74.94,749.4,1,Yes
CUST-01820,Male,0,22,Month-to-month,Electronic check,Fiber optic,67.5,1485.0,2,Yes
CUST-01821,Male,1,23,Month-to-month,Bank transfer,DSL,48.96,1126.08,2,No
CUST-01822,Male,1,56,Month-to-month,Electronic check,Fiber optic,73.58,4120.48,1,Yes
CUST-01823,Male,0,22,One year,Electronic check,No,23.2,510.4,1,No
CUST-01824,Male,1,64,Two year,Bank transfer,DSL,49.3,3155.2,3,No
CUST-01825,Male,0,56,One year,Mailed check,Fiber optic,87.73,4912.88,3,No
CUST-01826,Female,0,65,Two year,Mailed check,DSL,47.01,3055.65,0,No
CUST-01827,Male,0,8,Month-to-month,Mailed check,No,29.0,232.0,0,No
CUST-01828,Female,0,71,Two year,Electronic check,Fiber optic,91.09,6467.39,2,Yes
CUST-01829,Male,0,45,Month-to-month,Electronic check,Fiber optic,82.07,3693.15,1,Yes
CUST-01830,Female,0,71,Month-to-month,Bank transfer,DSL,47.55,3376.05,2,No
CUST-01831,Male,0,26,Two year,Bank transfer,Fiber optic,75.54,1964.04,4,No
CUST-01832,Female,0,69,Month-to-month,Electronic check,No,18.0,1242.0,0,No
CUST-01833,Female,0,43,Month-to-month,Mailed check,Fiber optic,90.26,3881.18,0,No
CUST-01834,Female,1,6,Month-to-month,Bank transfer,Fiber optic,84.85,509.1,2,Yes
CUST-01835,Female,0,30,Month-to-month,Bank transfer,Fiber optic,85.49,2564.7,4,No
CUST-01836,Female,0,10,Month-to-month,Credit card,Fiber optic,75.27,752.7,4,Yes
CUST-01837,Female,0,68,Month-to-month,Mailed check,Fiber optic,92.99,6323.32,1,No
CUST-01838,Female,0,22,Two year,Mailed check,DSL,43.17,949.74,1,No
CUST-01839,Male,0,17,Month-to-month,Bank transfer,DSL,38.59,656.03,0,No
CUST-01840,Female,0,40,Month-to-month,Electronic check,Fiber optic,75.41,3016.4,0,No
CUST-01841,Female,0,31,Month-to-month,Electronic check,No,32.57,1009.67,2,No
CUST-01842,Female,0,7,Two year,Electronic check,No,18.0,126.0,1,No
CUST-01843,Female,0,59,Month-to-month,Credit card,No,18.0,1062.0,1,No
CUST-01844,Male,0,61,Month-to-month,Electronic check,Fiber optic,103.19,6294.59,3,No
CUST-01845,Female,0,54,Month-to-month,Bank transfer,DSL,52.53,2836.62,1,No
CUST-01846,Female,0,45,One year,Bank transfer,Fiber optic,74.14,3336.3,1,No
CUST-01847,Female,0,29,One year,Mailed check,No,18.0,522.0,2,Yes
CUST-01848,Male,0,40,One year,Credit card,Fiber optic,66.62,2664.8,1,No
CUST-01849,Female,1,38,One year,Bank transfer,Fiber optic,80.78,3069.64,2,No
CUST-01850,Male,0,12,Month-to-month,Electronic check,Fiber optic,85.82,1029.84,1,Yes
CUST-01851,Male,0,6,Month-to-month,Credit card,Fiber optic,92.15,552.9,0,No
CUST-01852,Female,0,19,Month-to-month,Mailed check,No,18.0,342.0,2,No
CUST-01853,Male,0,33,Month-to-month,Electronic check,Fiber optic,69.4,2290.2,1,No
CUST-01854,Female,0,12,Month-to-month,Bank transfer,Fiber optic,79.04,948.48,3,Yes
CUST-01855,Female,0,8,Month-to-month,Bank transfer,DSL,67.3,538.4,0,Yes
CUST-01856,Male,0,62,Month-to-month,Electronic check,Fiber optic,87.09,5399.58,2,No
CUST-01857,Male,1,27,One year,Credit card,DSL,47.98,1295.46,1,No
CUST-01858,Male,0,43,Month-to-month,Bank transfer,No,18.0,774.0,1,No
CUST-01859,Female,0,38,One year,Bank transfer,Fiber optic,63.04,2395.52,0,No
CUST-01860,Female,1,53,One year,Electronic check,Fiber optic,80.31,4256.43,3,No
CUST-01861,Female,0,54,Month-to-month,Electronic check,DSL,44.21,2387.34,2,Yes
CUST-01862,Male,0,22,Month-to-month,Mailed check,Fiber optic,77.86,1712.92,1,Yes
CUST-01863,Male,0,62,One year,Bank transfer,Fiber optic,76.96,4771.52,0,No
CUST-01864,Male,0,27,One year,Mailed check,DSL,39.01,1053.27,1,No
CUST-01865,Male,0,61,Month-to-month,Bank transfer,No,18.0,1098.0,2,No
CUST-01866,Female,0,30,Month-to-month,Electronic check,Fiber optic,91.12,2733.6,2,Yes
CUST-01867,Male,0,8,One year,Bank transfer,Fiber optic,72.91,583.28,3,Yes
CUST-01868,Female,0,55,One year,Credit card,DSL,42.79,2353.45,0,No
CUST-01869,Male,0,3,Month-to-month,Bank transfer,Fiber optic,79.69,239.07,1,Yes
CUST-01870,Female,1,56,Month-to-month,Credit card,Fiber optic,85.65,4796.4,0,No
CUST-01871,Female,0,4,Two year,Credit card,No,18.0,72.0,1,No
CUST-01872,Female,0,15,Month-to-month,Electronic check,DSL,52.82,792.3,3,Yes
CUST-01873,Male,1,44,Two year,Bank transfer,No,18.0,792.0,2,No
CUST-01874,Male,1,68,Month-to-month,Credit card,Fiber optic,78.7,5351.6,1,Yes
CUST-01875,Male,0,30,Month-to-month,Bank transfer,DSL,58.14,1744.2,1,No
CUST-01876,Male,0,9,Month-to-month,Electronic check,DSL,37.25,335.25,0,No
CUST-01877,Male,0,17,Month-to-month,Credit card,DSL,50.77,863.09,2,Yes
CUST-01878,Female,0,65,Two year,Electronic check,No,28.04,1822.6,2,No
CUST-01879,Female,0,53,Month-to-month,Electronic check,DSL,47.48,2516.44,3,Yes
CUST-01880,Female,0,8,Two year,Electronic check,Fiber optic,79.06,632.48,1,No
CUST-01881,Male,0,28,Month-to-month,Mailed check,Fiber optic,97.01,2716.28,1,Yes
CUST-01882,Male,0,20,Two year,Mailed check,No,19.89,397.8,0,No
CUST-01883,Male,0,13,Two year,Mailed check,Fiber optic,81.63,1061.19,1,No
CUST-01884,Male,0,61,One year,Credit card,Fiber optic,77.31,4715.91,2,No
CUST-01885,Female,0,45,Month-to-month,Mailed check,DSL,46.21,2079.45,1,Yes
CUST-01886,Male,0,13,One year,Mailed check,No,27.71,360.23,1,No
CUST-01887,Female,1,47,Month-to-month,Credit card,DSL,42.8,2011.6,3,Yes
CUST-01888,Male,1,30,Two year,Credit card,DSL,28.13,843.9,1,No
CUST-01889,Male,0,5,Month-to-month,Electronic check,No,24.11,120.55,3,No
CUST-01890,Male,0,33,Month-to-month,Electronic check,DSL,36.37,1200.21,3,Yes
CUST-01891,Male,1,14,Month-to-month,Bank transfer,DSL,50.94,713.16,2,No
CUST-01892,Male,1,18,One year,Credit card,Fiber optic,79.99,1439.82,0,No
CUST-01893,Male,1,64,Two year,Bank transfer,DSL,52.54,3362.56,0,No
CUST-01894,Female,0,52,Month-to-month,Electronic check,DSL,37.41,1945.32,2,No
CUST-01895,Female,0,10,One year,Bank transfer,Fiber optic,75.72,757.2,0,No
CUST-01896,Male,0,62,Two year,Bank transfer,Fiber optic,77.28,4791.36,1,Yes
CUST-01897,Male,0,42,Month-to-month,Bank transfer,Fiber optic,68.14,2861.88,0,No
CUST-01898,Female,0,63,Month-to-month,Credit card,DSL,53.89,3395.07,0,No
CUST-01899,Male,0,54,One year,Credit card,Fiber optic,67.0,3618.0,2,No
CUST-01900,Female,0,25,One year,Bank transfer,No,28.78,719.5,1,No
CUST-01901,Male,0,39,Month-to-month,Bank transfer,DSL,48.4,1887.6,1,No
CUST-01902,Female,0,39,Two year,Bank transfer,DSL,43.41,1692.99,3,No
CUST-01903,Female,0,52,Month-to-month,Mailed check,DSL,47.76,2483.52,2,No
CUST-01904,Female,0,18,Two year,Mailed check,Fiber optic,82.54,1485.72,1,No
CUST-01905,Female,0,24,Two year,Bank transfer,DSL,41.8,1003.2,1,No
CUST-01906,Male,1,18,Two year,Bank transfer,Fiber optic,82.39,,1,No
CUST-01907,Male,0,22,Month-to-month,Mailed check,No,25.85,568.7,2,No
CUST-01908,Male,0,12,Month-to-month,Electronic check,DSL,37.44,449.28,1,No
CUST-01909,Female,0,3,Month-to-month,Bank transfer,Fiber optic,82.77,248.31,1,Yes
CUST-01910,Female,0,68,Month-to-month,Bank transfer,DSL,23.99,1631.32,1,No
CUST-01911,Male,0,6,One year,Electronic check,DSL,29.56,177.36,1,No
CUST-01912,Male,0,64,Month-to-month,Mailed check,Fiber optic,84.52,5409.28,2,No
CUST-01913,Female,1,1,Month-to-month,Electronic check,Fiber optic,76.66,76.66,1,Yes
CUST-01914,Male,0,56,Month-to-month,Credit card,No,18.0,1008.0,1,No
CUST-01915,Female,1,24,Month-to-month,Credit card,Fiber optic,79.58,1909.92,3,Yes
CUST-01916,Male,0,38,Month-to-month,Bank transfer,DSL,41.83,1589.54,0,No
CUST-01917,Male,0,21,One year,Mailed check,Fiber optic,72.09,1513.89,2,Yes
CUST-01918,Female,0,36,One year,Bank transfer,DSL,31.89,1148.04,1,No
CUST-01919,Female,0,33,Month-to-month,Mailed check,No,18.0,594.0,2,No
CUST-01920,Male,1,39,Two year,Credit card,Fiber optic,85.91,3350.49,2,No
CUST-01921,Male,0,29,Two year,Electronic check,DSL,41.62,1206.98,4,No
CUST-01922,Male,0,39,Month-to-month,Electronic check,Fiber optic,87.76,3422.64,1,Yes
CUST-01923,Female,0,60,One year,Bank transfer,Fiber optic,76.54,4592.4,4,No
CUST-01924,Male,1,32,Month-to-month,Electronic check,Fiber optic,82.84,2650.88,4,Yes
CUST-01925,Female,0,27,Month-to-month,Bank transfer,DSL,44.0,1188.0,3,No
CUST-01926,Female,0,10,Month-to-month,Credit card,DSL,45.36,453.6,0,No
CUST-01927,Female,0,26,Month-to-month,Electronic check,DSL,45.74,1189.24,3,No
CUST-01928,Male,0,10,Two year,Mailed check,Fiber optic,76.43,764.3,0,No
CUST-01929,Female,0,14,Two year,Bank transfer,Fiber optic,70.16,982.24,4,Yes
CUST-01930,Female,0,69,Two year,Credit card,DSL,51.13,3527.97,1,No
CUST-01931,Male,1,7,One year,Mailed check,Fiber optic,92.75,649.25,2,No
CUST-01932,Female,0,35,One year,Electronic check,Fiber optic,93.27,3264.45,2,Yes
CUST-01933,Female,0,61,Two year,Bank transfer,DSL,40.57,2474.77,0,No
CUST-01934,Male,0,69,Month-to-month,Mailed check,No,18.0,1242.0,3,No
CUST-01935,Female,0,11,Month-to-month,Credit card,Fiber optic,75.57,831.27,1,Yes
CUST-01936,Male,0,12,One year,Bank transfer,Fiber optic,78.59,943.08,1,No
CUST-01937,Male,1,27,Month-to-month,Electronic check,Fiber optic,79.58,2148.66,1,Yes
CUST-01938,Female,0,40,Month-to-month,Bank transfer,DSL,37.02,1480.8,0,No
CUST-01939,Male,0,70,Month-to-month,Mailed check,No,18.0,1260.0,1,No
CUST-01940,Female,1,15,One year,Electronic check,Fiber optic,80.4,1206.0,1,No
CUST-01941,Male,0,12,Month-to-month,Bank transfer,Fiber optic,51.76,621.12,3,Yes
CUST-01942,Male,0,19,Month-to-month,Credit card,No,19.19,364.61,3,No
CUST-01943,Female,0,63,Month-to-month,Bank transfer,No,18.0,1134.0,0,No
CUST-01944,Male,0,3,Month-to-month,Electronic check,No,26.24,78.72,1,Yes
CUST-01945,Female,0,28,Two year,Bank transfer,DSL,53.38,1494.64,2,No
CUST-01946,Male,0,9,Month-to-month,Electronic check,DSL,53.57,482.13,3,Yes
CUST-01947,Male,0,12,One year,Mailed check,Fiber optic,77.23,926.76,2,No
CUST-01948,Male,0,67,One year,Mailed check,Fiber optic,70.92,4751.64,1,No
CUST-01949,Male,1,1,Month-to-month,Electronic check,Fiber optic,73.48,73.48,1,Yes
CUST-01950,Male,0,24,Two year,Electronic check,Fiber optic,82.3,1975.2,1,No
CUST-01951,Male,1,66,One year,Credit card,DSL,31.83,2100.78,1,No
CUST-01952,Male,0,44,One year,Electronic check,DSL,56.15,2470.6,1,No
CUST-01953,Female,1,6,Month-to-month,Credit card,Fiber optic,77.35,464.1,3,Yes
CUST-01954,Male,0,34,Month-to-month,Bank transfer,DSL,49.0,1666.0,2,Yes
CUST-01955,Female,1,70,Two year,Mailed check,Fiber optic,65.75,4602.5,4,Yes
CUST-01956,Female,0,29,One year,Electronic check,Fiber optic,72.59,2105.11,0,No
CUST-01957,Female,0,39,Two year,Electronic check,Fiber optic,64.75,2525.25,3,No
CUST-01958,Female,0,39,Two year,Electronic check,Fiber optic,88.17,3438.63,1,No
CUST-01959,Female,0,48,Month-to-month,Bank transfer,Fiber optic,78.72,3778.56,2,Yes
CUST-01960,Female,0,14,One year,Credit card,Fiber optic,84.57,1183.98,1,No
CUST-01961,Female,1,61,Month-to-month,Credit card,DSL,45.51,2776.11,2,Yes
CUST-01962,Female,0,72,One year,Electronic check,Fiber optic,83.75,6030.0,3,No
CUST-01963,Male,1,11,Month-to-month,Electronic check,Fiber optic,77.3,850.3,4,Yes
CUST-01964,Female,0,59,Month-to-month,Electronic check,DSL,43.37,2558.83,0,Yes
CUST-01965,Male,1,59,One year,Credit card,Fiber optic,79.27,4676.93,0,No
CUST-01966,Male,1,54,One year,Electronic check,No,23.25,1255.5,2,No
CUST-01967,Female,0,27,One year,Electronic check,DSL,48.46,1308.42,2,No
CUST-01968,Female,0,34,Month-to-month,Bank transfer,Fiber optic,102.49,3484.66,2,No
CUST-01969,Female,0,61,Month-to-month,Bank transfer,No,33.45,2040.45,1,No
CUST-01970,Male,0,12,Two year,Electronic check,No,18.0,216.0,4,No
CUST-01971,Female,0,60,Month-to-month,Bank transfer,Fiber optic,78.86,4731.6,2,No
CUST-01972,Female,0,67,Month-to-month,Electronic check,Fiber optic,76.75,5142.25,2,Yes
CUST-01973,Male,0,50,One year,Electronic check,No,30.24,1512.0,2,No
CUST-01974,Female,0,25,Month-to-month,Electronic check,Fiber optic,77.47,1936.75,2,Yes
CUST-01975,Female,0,41,One year,Mailed check,DSL,48.71,1997.11,2,No
CUST-01976,Female,0,4,Month-to-month,Credit card,DSL,26.3,105.2,1,Yes
CUST-01977,Male,0,68,Two year,Mailed check,Fiber optic,67.89,4616.52,1,No
CUST-01978,Male,1,25,Two year,Bank transfer,Fiber optic,96.74,2418.5,4,No
CUST-01979,Male,1,5,Two year,Electronic check,DSL,45.4,227.0,0,No
CUST-01980,Female,1,58,One year,Bank transfer,DSL,37.01,2146.58,2,No
CUST-01981,Female,0,48,Month-to-month,Credit card,Fiber optic,81.94,3933.12,1,No
CUST-01982,Male,0,45,One year,Mailed check,Fiber optic,71.58,3221.1,2,No
CUST-01983,Female,0,4,Two year,Credit card,No,18.0,72.0,1,No
CUST-01984,Male,0,55,One year,Bank transfer,Fiber optic,68.38,3760.9,2,No
CUST-01985,Female,1,46,One year,Bank transfer,No,18.0,828.0,1,No
CUST-01986,Male,0,58,One year,Electronic check,No,18.0,1044.0,1,No
CUST-01987,Female,0,60,One year,Bank transfer,DSL,53.97,3238.2,2,No
CUST-01988,Male,1,16,One year,Mailed check,Fiber optic,83.71,1339.36,2,No
CUST-01989,Male,0,16,Month-to-month,Credit card,DSL,50.11,801.76,0,No
CUST-01990,Female,0,67,Month-to-month,Credit card,No,19.79,,2,No
CUST-01991,Female,0,39,One year,Mailed check,DSL,51.58,2011.62,0,No
CUST-01992,Male,0,32,Month-to-month,Credit card,Fiber optic,73.01,,1,No
CUST-01993,Female,0,21,Two year,Credit card,No,18.0,378.0,0,No
CUST-01994,Male,0,47,One year,Bank transfer,DSL,48.26,2268.22,2,No
CUST-01995,Male,0,55,Month-to-month,Electronic check,No,18.0,990.0,2,No
CUST-01996,Female,0,1,Two year,Electronic check,DSL,44.89,44.89,1,No
CUST-01997,Male,0,40,One year,Electronic check,Fiber optic,78.69,3147.6,2,No
CUST-01998,Female,0,72,One year,Electronic check,Fiber optic,90.03,6482.16,1,No
CUST-01999,Male,0,21,Month-to-month,Credit card,Fiber optic,90.44,1899.24,1,Yes
CUST-02000,Male,0,21,Two year,Electronic check,Fiber optic,74.99,1574.79,1,No
CUST-02001,Female,0,64,Month-to-month,Bank transfer,No,18.0,1152.0,0,No
CUST-02002,Female,0,5,One year,Bank transfer,DSL,39.31,196.55,1,No
CUST-02003,Female,0,29,Month-to-month,Bank transfer,Fiber optic,72.82,2111.78,2,Yes
CUST-02004,Female,0,33,One year,Electronic check,No,26.65,879.45,1,No
CUST-02005,Female,0,58,One year,Bank transfer,Fiber optic,87.36,5066.88,5,No
CUST-02006,Male,0,10,One year,Bank transfer,DSL,36.75,367.5,0,No
CUST-02007,Female,1,32,Month-to-month,Bank transfer,No,18.0,576.0,0,No
CUST-02008,Female,1,11,Two year,Electronic check,DSL,33.17,364.87,2,No
CUST-02009,Female,1,57,One year,Bank transfer,Fiber optic,81.08,4621.56,2,No
CUST-02010,Female,0,46,Month-to-month,Electronic check,Fiber optic,79.64,3663.44,2,Yes
CUST-02011,Male,1,36,Two year,Bank transfer,Fiber optic,86.31,3107.16,1,No
CUST-02012,Male,0,29,One year,Mailed check,DSL,48.98,1420.42,2,No
CUST-02013,Male,0,12,Two year,Electronic check,DSL,49.88,598.56,0,No
CUST-02014,Male,1,67,Two year,Credit card,Fiber optic,67.66,4533.22,0,No
CUST-02015,Male,0,47,Two year,Electronic check,DSL,39.99,1879.53,3,No
CUST-02016,Male,0,23,One year,Credit card,Fiber optic,87.59,2014.57,3,Yes
CUST-02017,Female,0,30,One year,Credit card,Fiber optic,75.69,2270.7,1,No
CUST-02018,Female,0,53,Month-to-month,Mailed check,Fiber optic,66.98,3549.94,3,No
CUST-02019,Female,0,52,Month-to-month,Electronic check,DSL,51.46,2675.92,0,No
CUST-02020,Male,0,34,One year,Electronic check,DSL,40.38,1372.92,0,No
CUST-02021,Female,0,22,Month-to-month,Credit card,No,28.5,627.0,2,No
CUST-02022,Male,0,48,Two year,Bank transfer,Fiber optic,79.85,3832.8,1,No
CUST-02023,Male,0,48,Month-to-month,Electronic check,DSL,42.78,2053.44,3,No
CUST-02024,Female,0,44,Month-to-month,Mailed check,DSL,55.91,2460.04,2,No
CUST-02025,Female,0,6,Month-to-month,Electronic check,DSL,34.58,207.48,1,Yes
CUST-02026,Female,0,35,Month-to-month,Bank transfer,No,31.47,1101.45,2,Yes
CUST-02027,Male,0,45,Month-to-month,Mailed check,DSL,39.89,1795.05,2,Yes
CUST-02028,Male,0,69,Month-to-month,Electronic check,DSL,46.3,3194.7,1,No
CUST-02029,Female,0,38,Two year,Credit card,Fiber optic,81.37,3092.06,1,No
CUST-02030,Male,0,25,Month-to-month,Electronic check,DSL,41.58,1039.5,3,Yes
CUST-02031,Female,0,41,Month-to-month,Mailed check,DSL,38.9,1594.9,2,No
CUST-02032,Male,0,13,Month-to-month,Bank transfer,No,18.0,234.0,1,No
CUST-02033,Male,0,7,Month-to-month,Credit card,Fiber optic,71.88,503.16,0,Yes
CUST-02034,Female,0,49,Month-to-month,Mailed check,DSL,60.7,2974.3,2,No
CUST-02035,Female,0,72,One year,Credit card,Fiber optic,76.15,5482.8,1,No
CUST-02036,Male,0,61,One year,Mailed check,DSL,54.27,3310.47,1,No
CUST-02037,Male,1,43,Month-to-month,Credit card,DSL,53.22,2288.46,0,No
CUST-02038,Male,0,3,One year,Electronic check,Fiber optic,82.9,248.7,2,Yes
CUST-02039,Female,1,72,Month-to-month,Bank transfer,Fiber optic,78.91,5681.52,0,No
CUST-02040,Female,0,33,Month-to-month,Electronic check,Fiber optic,81.55,2691.15,2,Yes
CUST-02041,Male,0,21,Two year,Credit card,No,24.58,516.18,3,No
CUST-02042,Male,0,65,Month-to-month,Credit card,DSL,45.8,2977.0,2,No
CUST-02043,Female,0,54,Two year,Mailed check,No,18.0,972.0,4,No
CUST-02044,Male,1,54,Month-to-month,Mailed check,Fiber optic,65.45,3534.3,2,No
CUST-02045,Female,0,20,Month-to-month,Bank transfer,DSL,57.07,1141.4,1,No
CUST-02046,Female,0,72,Month-to-month,Electronic check,No,18.0,1296.0,2,No
CUST-02047,Female,1,33,Month-to-month,Bank transfer,DSL,46.57,1536.81,1,No
CUST-02048,Male,1,39,Two year,Bank transfer,Fiber optic,78.12,3046.68,0,No
CUST-02049,Female,0,55,Month-to-month,Mailed check,Fiber optic,81.29,4470.95,1,No
CUST-02050,Female,0,48,Two year,Electronic check,DSL,35.88,1722.24,3,No
CUST-02051,Male,0,13,Two year,Credit card,No,22.81,296.53,4,No
CUST-02052,Female,0,22,One year,Electronic check,DSL,46.65,1026.3,1,No
CUST-02053,Female,1,27,Month-to-month,Bank transfer,No,42.09,,3,No
CUST-02054,Male,0,69,Month-to-month,Electronic check,DSL,46.04,3176.76,1,No
CUST-02055,Male,0,52,Month-to-month,Electronic check,DSL,55.79,2901.08,2,No
CUST-02056,Female,0,27,One year,Electronic check,Fiber optic,68.01,1836.27,2,No
CUST-02057,Female,0,53,Month-to-month,Mailed check,No,28.16,1492.48,2,No
CUST-02058,Female,0,54,Two year,Bank transfer,DSL,46.81,2527.74,1,No
CUST-02059,Female,0,29,One year,Mailed check,No,22.16,642.64,2,No
CUST-02060,Female,0,30,Month-to-month,Bank transfer,DSL,47.27,1418.1,0,No
CUST-02061,Female,0,65,One year,Bank transfer,Fiber optic,93.65,6087.25,5,No
CUST-02062,Female,0,41,Month-to-month,Electronic check,Fiber optic,82.04,3363.64,1,No
CUST-02063,Female,0,11,Two year,Electronic check,DSL,38.73,426.03,2,No
CUST-02064,Male,0,52,Month-to-month,Bank transfer,No,18.0,936.0,4,Yes
CUST-02065,Male,0,43,Two year,Bank transfer,Fiber optic,86.54,3721.22,2,No
CUST-02066,Male,0,37,Two year,Bank transfer,Fiber optic,83.58,3092.46,4,No
CUST-02067,Female,1,53,Two year,Electronic check,Fiber optic,67.76,3591.28,2,No
CUST-02068,Female,0,66,Month-to-month,Credit card,Fiber optic,84.12,5551.92,1,Yes
CUST-02069,Male,0,24,Two year,Electronic check,Fiber optic,71.34,1712.16,3,Yes
CUST-02070,Male,0,31,Month-to-month,Bank transfer,No,23.51,728.81,4,No
CUST-02071,Male,0,14,One year,Electronic check,Fiber optic,73.56,1029.84,1,No
CUST-02072,Male,0,47,Month-to-month,Bank transfer,Fiber optic,77.75,3654.25,0,No
CUST-02073,Female,0,29,Month-to-month,Mailed check,Fiber optic,75.64,2193.56,2,Yes
CUST-02074,Male,0,25,Month-to-month,Bank transfer,Fiber optic,92.15,2303.75,0,No
CUST-02075,Male,0,51,Month-to-month,Electronic check,Fiber optic,83.21,4243.71,1,Yes
CUST-02076,Male,0,30,Month-to-month,Bank transfer,Fiber optic,90.09,2702.7,1,No
CUST-02077,Female,0,34,Two year,Electronic check,Fiber optic,103.16,3507.44,2,No
CUST-02078,Female,0,32,Month-to-month,Bank transfer,Fiber optic,80.37,2571.84,0,No
CUST-02079,Female,0,19,One year,Electronic check,No,32.02,608.38,0,No
CUST-02080,Female,0,10,Month-to-month,Electronic check,No,18.0,180.0,2,No
CUST-02081,Female,0,60,One year,Bank transfer,No,30.04,1802.4,2,No
CUST-02082,Female,0,7,One year,Electronic check,Fiber optic,73.54,514.78,2,No
CUST-02083,Female,0,24,Month-to-month,Electronic check,Fiber optic,79.85,1916.4,1,Yes
CUST-02084,Male,0,49,One year,Credit card,DSL,49.3,2415.7,1,No
CUST-02085,Male,0,10,Two year,Credit card,Fiber optic,85.55,855.5,2,No
CUST-02086,Male,0,48,Two year,Credit card,DSL,34.82,1671.36,0,No
CUST-02087,Female,0,53,Month-to-month,Electronic check,DSL,38.06,2017.18,0,No
CUST-02088,Female,0,48,Month-to-month,Mailed check,No,24.89,1194.72,1,No
CUST-02089,Female,0,22,One year,Credit card,No,18.0,396.0,1,No
CUST-02090,Male,0,2,Month-to-month,Electronic check,Fiber optic,68.82,137.64,0,No
CUST-02091,Female,0,64,Two year,Bank transfer,DSL,44.43,2843.52,1,No
CUST-02092,Female,0,24,Month-to-month,Electronic check,Fiber optic,79.05,1897.2,2,Yes
CUST-02093,Female,1,58,Two year,Credit card,Fiber optic,81.42,4722.36,1,No
CUST-02094,Female,0,15,Month-to-month,Bank transfer,No,24.23,363.45,3,Yes
CUST-02095,Female,0,12,Month-to-month,Mailed check,No,23.73,284.76,2,No
CUST-02096,Male,0,57,Two year,Mailed check,DSL,38.85,2214.45,0,No
CUST-02097,Male,0,68,Two year,Electronic check,DSL,41.71,2836.28,0,No
CUST-02098,Male,0,62,Two year,Electronic check,DSL,52.42,3250.04,1,No
CUST-02099,Male,1,55,Two year,Bank transfer,DSL,40.65,2235.75,2,No
CUST-02100,Female,0,18,Month-to-month,Mailed check,Fiber optic,76.84,1383.12,5,Yes
CUST-02101,Male,0,66,Month-to-month,Mailed check,DSL,32.97,2176.02,0,No
CUST-02102,Male,0,49,Month-to-month,Electronic check,DSL,44.77,2193.73,1,No
CUST-02103,Male,1,13,Month-to-month,Bank transfer,DSL,47.76,620.88,0,No
CUST-02104,Female,1,10,Month-to-month,Mailed check,DSL,29.2,292.0,0,No
CUST-02105,Male,1,63,Two year,Electronic check,Fiber optic,71.44,4500.72,1,No
CUST-02106,Female,0,20,Month-to-month,Credit card,DSL,33.63,672.6,2,Yes
CUST-02107,Female,0,56,Month-to-month,Mailed check,No,26.31,1473.36,3,No
CUST-02108,Male,0,10,Month-to-month,Mailed check,DSL,29.7,297.0,2,No
CUST-02109,Female,0,21,Month-to-month,Credit card,DSL,44.37,931.77,3,No
CUST-02110,Female,0,21,Month-to-month,Mailed check,DSL,50.74,1065.54,3,No
CUST-02111,Female,1,21,One year,Credit card,Fiber optic,81.5,1711.5,1,No
CUST-02112,Male,0,49,Month-to-month,Bank transfer,DSL,41.48,2032.52,1,No
CUST-02113,Female,0,66,One year,Bank transfer,Fiber optic,82.77,5462.82,2,No
CUST-02114,Male,0,66,Two year,Electronic check,DSL,53.3,3517.8,1,No
CUST-02115,Male,0,54,One year,Electronic check,No,19.14,1033.56,3,No
CUST-02116,Female,0,15,One year,Mailed check,DSL,27.09,406.35,4,No
CUST-02117,Male,1,70,Month-to-month,Electronic check,Fiber optic,89.18,6242.6,0,Yes
CUST-02118,Female,0,40,Month-to-month,Electronic check,No,23.2,928.0,2,No
CUST-02119,Female,0,40,Month-to-month,Bank transfer,DSL,44.74,1789.6,0,No
CUST-02120,Female,0,51,Two year,Bank transfer,DSL,29.16,1487.16,0,No
CUST-02121,Male,0,56,One year,Electronic check,No,18.0,1008.0,0,No
CUST-02122,Female,0,69,Month-to-month,Bank transfer,DSL,38.0,2622.0,0,No
CUST-02123,Female,0,42,Month-to-month,Credit card,DSL,35.27,1481.34,2,Yes
CUST-02124,Female,0,44,Two year,Bank transfer,Fiber optic,78.91,3472.04,0,No
CUST-02125,Male,0,54,One year,Credit card,DSL,40.71,2198.34,2,No
CUST-02126,Male,1,19,One year,Bank transfer,No,18.0,342.0,2,No
CUST-02127,Male,0,23,Two year,Electronic check,Fiber optic,85.92,1976.16,0,No
CUST-02128,Male,0,46,One year,Mailed check,Fiber optic,82.04,3773.84,3,Yes
CUST-02129,Male,1,5,One year,Credit card,DSL,41.04,205.2,0,No
CUST-02130,Male,0,24,Month-to-month,Bank transfer,Fiber optic,75.02,1800.48,2,Yes
CUST-02131,Female,1,52,Month-to-month,Credit card,Fiber optic,76.36,3970.72,3,No
CUST-02132,Male,1,71,Two year,Credit card,DSL,43.02,3054.42,2,No
CUST-02133,Female,1,38,One year,Electronic check,No,24.67,937.46,4,Yes
CUST-02134,Male,0,29,Month-to-month,Electronic check,Fiber optic,71.66,2078.14,1,Yes
CUST-02135,Female,0,32,One year,Bank transfer,Fiber optic,91.67,2933.44,2,No
CUST-02136,Female,0,50,Month-to-month,Electronic check,DSL,49.68,2484.0,3,No
CUST-02137,Male,0,40,Two year,Bank transfer,DSL,23.1,924.0,1,No
CUST-02138,Male,1,2,Month-to-month,Credit card,Fiber optic,80.68,161.36,1,Yes
CUST-02139,Female,0,39,Two year,Bank transfer,Fiber optic,88.33,3444.87,1,No
CUST-02140,Female,0,29,Month-to-month,Electronic check,Fiber optic,83.11,2410.19,1,Yes
CUST-02141,Male,0,51,Month-to-month,Bank transfer,DSL,41.7,2126.7,4,No
CUST-02142,Female,0,64,Month-to-month,Electronic check,No,19.51,1248.64,0,No
CUST-02143,Male,0,70,Two year,Credit card,DSL,46.43,3250.1,0,No
CUST-02144,Female,0,44,Month-to-month,Electronic check,DSL,51.16,2251.04,2,No
CUST-02145,Female,0,27,Month-to-month,Credit card,Fiber optic,68.68,1854.36,3,No
CUST-02146,Male,0,32,One year,Mailed check,DSL,40.16,1285.12,4,No
CUST-02147,Male,0,13,Month-to-month,Mailed check,DSL,58.11,755.43,4,Yes
CUST-02148,Female,1,68,Month-to-month,Mailed check,DSL,45.26,3077.68,0,No
CUST-02149,Female,0,62,Month-to-month,Electronic check,No,32.22,1997.64,2,No
CUST-02150,Female,0,62,Two year,Mailed check,DSL,68.88,4270.56,2,No
CUST-02151,Female,0,24,Month-to-month,Credit card,Fiber optic,76.06,1825.44,3,Yes
CUST-02152,Male,0,24,Month-to-month,Credit card,No,18.0,432.0,3,No
CUST-02153,Female,1,62,Month-to-month,Electronic check,Fiber optic,77.88,4828.56,0,No
CUST-02154,Male,0,40,Month-to-month,Bank transfer,Fiber optic,88.79,3551.6,1,No
CUST-02155,Female,0,51,Month-to-month,Credit card,Fiber optic,89.91,4585.41,0,No
CUST-02156,Male,0,36,Month-to-month,Credit card,Fiber optic,98.18,3534.48,3,No
CUST-02157,Male,0,32,Month-to-month,Mailed check,Fiber optic,79.71,2550.72,0,Yes
CUST-02158,Female,1,46,Month-to-month,Electronic check,No,23.9,1099.4,1,No
CUST-02159,Female,0,59,Two year,Credit card,Fiber optic,74.31,4384.29,6,No
CUST-02160,Female,1,25,Month-to-month,Mailed check,Fiber optic,59.94,1498.5,2,Yes
CUST-02161,Male,0,59,Month-to-month,Mailed check,DSL,44.68,2636.12,2,Yes
CUST-02162,Male,0,18,Two year,Bank transfer,No,18.0,324.0,1,No
CUST-02163,Female,1,30,Two year,Electronic check,DSL,50.15,1504.5,2,Yes
CUST-02164,Female,0,66,One year,Credit card,No,18.0,1188.0,5,No
CUST-02165,Female,0,69,Month-to-month,Electronic check,DSL,39.09,2697.21,2,No
CUST-02166,Male,0,67,Month-to-month,Bank transfer,Fiber optic,82.14,5503.38,0,No
CUST-02167,Female,0,23,Month-to-month,Credit card,No,22.98,528.54,4,No
CUST-02168,Male,0,61,Month-to-month,Credit card,Fiber optic,79.62,4856.82,2,No
CUST-02169,Female,0,68,Month-to-month,Credit card,DSL,59.94,4075.92,1,No
CUST-02170,Female,0,71,One year,Credit card,No,32.56,2311.76,2,No
CUST-02171,Male,0,2,Month-to-month,Electronic check,Fiber optic,74.53,149.06,2,Yes
CUST-02172,Female,0,54,One year,Credit card,DSL,57.88,3125.52,2,No
CUST-02173,Female,0,72,Month-to-month,Credit card,Fiber optic,94.1,6775.2,0,No
CUST-02174,Female,0,56,Month-to-month,Mailed check,Fiber optic,79.01,4424.56,3,Yes
CUST-02175,Female,0,17,One year,Mailed check,Fiber optic,80.36,1366.12,2,No
CUST-02176,Male,0,55,Two year,Electronic check,DSL,44.59,2452.45,0,No
CUST-02177,Female,0,8,Month-to-month,Bank transfer,Fiber optic,74.84,598.72,0,No
CUST-02178,Male,0,35,One year,Bank transfer,No,18.0,630.0,1,No
CUST-02179,Female,0,46,Month-to-month,Mailed check,DSL,55.55,2555.3,2,No
CUST-02180,Male,0,33,Month-to-month,Mailed check,Fiber optic,83.5,,4,Yes
CUST-02181,Female,0,51,One year,Bank transfer,Fiber optic,75.57,3854.07,1,No
CUST-02182,Male,0,18,Month-to-month,Electronic check,No,18.0,324.0,3,No
CUST-02183,Male,0,44,Month-to-month,Credit card,Fiber optic,73.94,3253.36,3,No
CUST-02184,Male,0,47,Month-to-month,Electronic check,No,18.69,878.43,1,No
CUST-02185,Male,1,46,Month-to-month,Electronic check,DSL,52.31,2406.26,1,Yes
CUST-02186,Female,0,21,Month-to-month,Electronic check,Fiber optic,73.12,1535.52,2,No
CUST-02187,Female,0,22,Month-to-month,Credit card,No,27.21,598.62,0,No
CUST-02188,Female,0,19,Two year,Credit card,No,21.58,410.02,0,No
CUST-02189,Female,0,34,One year,Electronic check,Fiber optic,81.14,2758.76,3,No
CUST-02190,Male,0,43,Month-to-month,Electronic check,Fiber optic,88.21,3793.03,2,Yes
CUST-02191,Female,0,27,Month-to-month,Mailed check,Fiber optic,86.75,2342.25,2,No
CUST-02192,Male,0,30,One year,Electronic check,DSL,33.76,1012.8,2,No
CUST-02193,Female,0,21,Month-to-month,Bank transfer,No,18.0,378.0,0,No
CUST-02194,Male,1,16,Month-to-month,Electronic check,No,18.16,290.56,1,No
CUST-02195,Male,1,48,One year,Mailed check,Fiber optic,82.85,3976.8,2,No
CUST-02196,Male,0,59,Month-to-month,Mailed check,DSL,55.92,3299.28,5,Yes
CUST-02197,Female,0,21,Month-to-month,Mailed check,DSL,45.52,955.92,3,No
CUST-02198,Female,0,62,Month-to-month,Mailed check,DSL,58.63,3635.06,1,No
CUST-02199,Female,1,42,Month-to-month,Electronic check,Fiber optic,74.35,3122.7,2,Yes
CUST-02200,Male,0,13,Month-to-month,Electronic check,Fiber optic,75.7,984.1,0,No
CUST-02201,Male,0,27,Two year,Electronic check,DSL,42.55,1148.85,1,No
CUST-02202,Female,1,1,Month-to-month,Electronic check,Fiber optic,73.46,73.46,0,Yes
CUST-02203,Female,1,3,One year,Credit card,No,29.28,87.84,1,No
CUST-02204,Male,0,25,One year,Electronic check,DSL,22.84,571.0,1,Yes
CUST-02205,Female,1,33,Month-to-month,Electronic check,Fiber optic,75.97,2507.01,0,Yes
CUST-02206,Male,0,58,Month-to-month,Electronic check,Fiber optic,89.19,5173.02,1,No
CUST-02207,Female,0,10,Month-to-month,Bank transfer,DSL,42.5,425.0,0,Yes
CUST-02208,Female,1,61,One year,Credit card,Fiber optic,88.58,5403.38,1,No
CUST-02209,Female,0,17,Month-to-month,Credit card,Fiber optic,97.58,1658.86,0,Yes
CUST-02210,Male,0,10,One year,Bank transfer,DSL,45.64,456.4,1,No
CUST-02211,Female,0,51,Two year,Credit card,DSL,54.35,2771.85,3,No
CUST-02212,Male,0,56,One year,Mailed check,No,39.35,2203.6,3,No
CUST-02213,Male,0,44,Two year,Credit card,DSL,48.22,2121.68,2,No
CUST-02214,Female,0,9,One year,Credit card,Fiber optic,79.62,716.58,3,No
CUST-02215,Male,0,9,Two year,Electronic check,Fiber optic,87.22,784.98,1,No
CUST-02216,Male,0,29,Two year,Mailed check,No,29.47,854.63,3,No
CUST-02217,Female,1,33,One year,Electronic check,Fiber optic,79.69,2629.77,1,No
CUST-02218,Male,0,72,Two year,Electronic check,No,18.0,1296.0,1,No
CUST-02219,Male,0,21,Two year,Credit card,Fiber optic,93.74,1968.54,3,No
CUST-02220,Male,0,14,Month-to-month,Electronic check,Fiber optic,77.84,1089.76,3,Yes
CUST-02221,Female,0,69,One year,Bank transfer,Fiber optic,89.55,6178.95,0,No
CUST-02222,Male,0,12,Month-to-month,Credit card,Fiber optic,82.1,985.2,0,Yes
CUST-02223,Male,1,2,Two year,Mailed check,Fiber optic,94.62,189.24,4,No
CUST-02224,Female,1,31,Month-to-month,Mailed check,DSL,38.21,,2,No
CUST-02225,Male,0,29,Two year,Bank transfer,Fiber optic,73.19,2122.51,1,No
CUST-02226,Male,1,45,One year,Credit card,Fiber optic,86.84,3907.8,0,No
CUST-02227,Female,0,64,Two year,Electronic check,DSL,35.96,2301.44,0,No
CUST-02228,Female,0,68,Month-to-month,Electronic check,DSL,45.93,3123.24,4,Yes
CUST-02229,Male,0,21,One year,Bank transfer,Fiber optic,92.39,1940.19,1,Yes
CUST-02230,Female,0,71,One year,Credit card,Fiber optic,65.72,4666.12,3,No
CUST-02231,Male,1,46,Two year,Electronic check,No,23.22,1068.12,0,No
CUST-02232,Male,0,6,Two year,Mailed check,Fiber optic,89.69,538.14,2,No
CUST-02233,Female,0,68,One year,Credit card,No,19.79,1345.72,2,No
CUST-02234,Male,0,10,One year,Electronic check,Fiber optic,72.58,725.8,1,Yes
CUST-02235,Male,0,43,Month-to-month,Electronic check,DSL,42.9,1844.7,1,No
CUST-02236,Male,0,57,Two year,Bank transfer,No,18.0,1026.0,1,No
CUST-02237,Female,1,18,Month-to-month,Electronic check,DSL,45.55,819.9,2,Yes
CUST-02238,Male,0,20,One year,Electronic check,Fiber optic,77.79,1555.8,3,No
CUST-02239,Female,0,35,One year,Bank transfer,Fiber optic,75.89,2656.15,1,No
CUST-02240,Male,0,64,Month-to-month,Bank transfer,DSL,48.73,3118.72,1,No
CUST-02241,Female,0,17,Month-to-month,Mailed check,Fiber optic,92.63,1574.71,3,Yes
CUST-02242,Female,0,48,Month-to-month,Mailed check,Fiber optic,82.62,3965.76,1,No
CUST-02243,Female,0,33,Two year,Bank transfer,DSL,55.75,1839.75,3,No
CUST-02244,Male,0,9,Month-to-month,Bank transfer,DSL,57.63,518.67,0,No
CUST-02245,Female,0,52,Month-to-month,Credit card,DSL,40.31,2096.12,2,No
CUST-02246,Male,0,60,One year,Credit card,DSL,47.2,2832.0,3,No
CUST-02247,Female,0,42,Month-to-month,Bank transfer,Fiber optic,76.6,3217.2,2,No
CUST-02248,Female,0,13,Two year,Credit card,Fiber optic,68.14,885.82,1,No
CUST-02249,Male,0,12,Month-to-month,Credit card,Fiber optic,82.85,994.2,5,Yes
CUST-02250,Female,0,31,Month-to-month,Electronic check,Fiber optic,71.58,2218.98,3,Yes
CUST-02251,Male,0,37,Month-to-month,Credit card,DSL,48.87,1808.19,0,Yes
CUST-02252,Male,0,40,Month-to-month,Credit card,DSL,32.55,1302.0,4,No
CUST-02253,Male,0,18,Month-to-month,Electronic check,Fiber optic,81.37,1464.66,2,Yes
CUST-02254,Male,0,37,One year,Electronic check,No,18.0,666.0,3,No
CUST-02255,Female,1,22,Month-to-month,Bank transfer,Fiber optic,85.39,1878.58,1,Yes
CUST-02256,Female,1,50,Month-to-month,Mailed check,DSL,41.85,2092.5,0,No
CUST-02257,Male,0,58,Month-to-month,Bank transfer,Fiber optic,76.08,4412.64,0,No
CUST-02258,Male,0,47,Month-to-month,Mailed check,No,29.01,1363.47,2,No
CUST-02259,Male,0,1,Two year,Electronic check,Fiber optic,77.43,77.43,2,No
CUST-02260,Female,1,72,Month-to-month,Electronic check,DSL,45.89,3304.08,2,No
CUST-02261,Female,0,2,Two year,Credit card,DSL,43.41,86.82,1,No
CUST-02262,Female,0,72,Month-to-month,Electronic check,Fiber optic,84.06,6052.32,2,No
CUST-02263,Male,0,3,Month-to-month,Bank transfer,No,28.34,85.02,2,Yes
CUST-02264,Female,0,38,Month-to-month,Electronic check,Fiber optic,86.69,3294.22,1,No
CUST-02265,Male,0,8,Month-to-month,Mailed check,DSL,41.27,330.16,0,Yes
CUST-02266,Male,0,7,One year,Mailed check,Fiber optic,89.67,627.69,0,No
CUST-02267,Female,0,50,Month-to-month,Electronic check,No,18.0,900.0,1,No
CUST-02268,Male,1,53,Month-to-month,Bank transfer,Fiber optic,74.06,3925.18,0,No
CUST-02269,Male,0,9,One year,Bank transfer,No,18.98,170.82,4,No
CUST-02270,Male,0,71,One year,Electronic check,Fiber optic,88.37,6274.27,2,No
CUST-02271,Female,1,24,Two year,Mailed check,DSL,35.64,855.36,2,No
CUST-02272,Female,0,23,Two year,Bank transfer,Fiber optic,87.13,2003.99,0,No
CUST-02273,Male,1,22,One year,Bank transfer,Fiber optic,79.56,1750.32,0,No
CUST-02274,Female,1,34,Two year,Mailed check,No,18.0,612.0,2,No
CUST-02275,Male,0,13,One year,Credit card,Fiber optic,88.78,1154.14,0,No
CUST-02276,Female,0,31,Month-to-month,Electronic check,Fiber optic,73.58,2280.98,2,No
CUST-02277,Male,0,16,One year,Electronic check,Fiber optic,98.29,1572.64,0,Yes
CUST-02278,Female,0,4,Month-to-month,Bank transfer,Fiber optic,78.59,314.36,1,Yes
CUST-02279,Male,0,27,One year,Bank transfer,Fiber optic,81.2,2192.4,1,Yes
CUST-02280,Female,0,49,Two year,Credit card,Fiber optic,92.34,4524.66,5,No
CUST-02281,Male,0,55,Month-to-month,Electronic check,Fiber optic,81.41,4477.55,4,Yes
CUST-02282,Female,0,26,Two year,Mailed check,Fiber optic,89.51,2327.26,2,No
CUST-02283,Female,0,24,Two year,Bank transfer,Fiber optic,64.37,1544.88,2,No
CUST-02284,Male,0,57,Month-to-month,Electronic check,DSL,41.46,2363.22,4,Yes
CUST-02285,Male,0,50,Month-to-month,Mailed check,Fiber optic,83.17,4158.5,2,Yes
CUST-02286,Male,0,60,Two year,Bank transfer,Fiber optic,88.65,5319.0,1,No
CUST-02287,Male,0,66,Two year,Electronic check,Fiber optic,86.16,5686.56,0,No
CUST-02288,Female,0,60,Month-to-month,Mailed check,Fiber optic,85.41,5124.6,3,Yes
CUST-02289,Male,0,68,Month-to-month,Electronic check,Fiber optic,88.49,6017.32,3,Yes
CUST-02290,Female,0,30,One year,Credit card,No,23.8,714.0,0,Yes
CUST-02291,Male,1,29,Month-to-month,Electronic check,Fiber optic,62.85,1822.65,2,No
CUST-02292,Male,0,24,Month-to-month,Electronic check,DSL,56.54,1356.96,1,No
CUST-02293,Male,0,17,Month-to-month,Electronic check,Fiber optic,73.3,1246.1,5,Yes
CUST-02294,Female,1,54,Month-to-month,Electronic check,Fiber optic,82.51,4455.54,0,No
CUST-02295,Male,0,52,One year,Electronic check,Fiber optic,81.45,4235.4,2,No
CUST-02296,Male,1,58,One year,Bank transfer,Fiber optic,80.38,4662.04,1,No
CUST-02297,Male,0,13,One year,Electronic check,Fiber optic,71.15,924.95,3,Yes
CUST-02298,Male,0,36,One year,Electronic check,DSL,29.49,1061.64,0,No
CUST-02299,Male,0,16,Month-to-month,Electronic check,Fiber optic,71.98,1151.68,0,No
CUST-02300,Female,0,65,Month-to-month,Mailed check,DSL,51.61,3354.65,1,No
CUST-02301,Female,1,20,Month-to-month,Electronic check,Fiber optic,68.43,1368.6,5,Yes
CUST-02302,Male,0,11,Month-to-month,Bank transfer,Fiber optic,72.96,802.56,0,Yes
CUST-02303,Female,0,42,Month-to-month,Bank transfer,Fiber optic,83.34,3500.28,1,Yes
CUST-02304,Female,0,64,Month-to-month,Bank transfer,Fiber optic,71.78,,2,Yes
CUST-02305,Female,1,66,Month-to-month,Electronic check,No,18.0,1188.0,1,No
CUST-02306,Female,0,7,Month-to-month,Credit card,Fiber optic,80.65,564.55,1,Yes
CUST-02307,Male,0,24,One year,Bank transfer,Fiber optic,82.26,1974.24,4,No
CUST-02308,Female,1,12,One year,Electronic check,No,18.0,216.0,0,No
CUST-02309,Female,0,23,Two year,Mailed check,Fiber optic,81.13,1865.99,0,No
CUST-02310,Male,0,39,One year,Bank transfer,Fiber optic,83.19,3244.41,0,Yes
CUST-02311,Male,0,21,One year,Electronic check,DSL,34.81,731.01,0,Yes
CUST-02312,Female,0,5,Month-to-month,Mailed check,DSL,46.72,233.6,2,Yes
CUST-02313,Female,0,37,One year,Bank transfer,DSL,39.27,1452.99,0,No
CUST-02314,Male,0,4,Month-to-month,Electronic check,DSL,45.99,183.96,0,Yes
CUST-02315,Female,1,17,Month-to-month,Credit card,Fiber optic,85.78,1458.26,1,Yes
CUST-02316,Female,0,1,Month-to-month,Electronic check,DSL,43.59,43.59,0,Yes
CUST-02317,Female,0,7,Month-to-month,Electronic check,Fiber optic,87.31,611.17,2,Yes
CUST-02318,Male,0,32,Month-to-month,Electronic check,DSL,51.33,1642.56,0,No
CUST-02319,Male,0,62,One year,Mailed check,DSL,52.26,3240.12,1,Yes
CUST-02320,Female,0,56,Two year,Credit card,No,23.22,1300.32,2,No
CUST-02321,Female,0,8,One year,Credit card,Fiber optic,88.81,710.48,2,No
CUST-02322,Female,0,3,One year,Credit card,No,23.08,69.24,1,No
CUST-02323,Male,1,25,Month-to-month,Mailed check,Fiber optic,66.66,1666.5,1,No
CUST-02324,Male,0,47,Month-to-month,Mailed check,DSL,38.66,1817.02,1,No
CUST-02325,Male,0,54,One year,Mailed check,Fiber optic,78.31,4228.74,1,No
CUST-02326,Male,0,60,Month-to-month,Electronic check,Fiber optic,79.3,4758.0,2,Yes
CUST-02327,Female,0,25,Month-to-month,Credit card,DSL,47.86,1196.5,1,No
CUST-02328,Male,0,13,Month-to-month,Mailed check,No,18.0,234.0,3,No
CUST-02329,Male,1,2,Two year,Mailed check,Fiber optic,96.07,192.14,2,No
CUST-02330,Female,0,11,One year,Mailed check,Fiber optic,79.18,870.98,2,No
CUST-02331,Female,0,5,Month-to-month,Credit card,Fiber optic,79.94,399.7,1,No
CUST-02332,Female,0,62,One year,Electronic check,Fiber optic,74.63,4627.06,0,No
CUST-02333,Female,0,20,Month-to-month,Bank transfer,DSL,36.97,739.4,2,No
CUST-02334,Female,0,60,Month-to-month,Bank transfer,No,18.99,1139.4,1,No
CUST-02335,Female,0,40,Month-to-month,Credit card,Fiber optic,80.22,3208.8,3,No
CUST-02336,Female,0,39,Month-to-month,Electronic check,DSL,44.3,1727.7,2,No
CUST-02337,Male,0,33,One year,Electronic check,DSL,58.24,1921.92,0,No
CUST-02338,Male,0,59,Month-to-month,Mailed check,Fiber optic,78.99,4660.41,2,Yes
CUST-02339,Female,0,4,One year,Credit card,No,19.31,77.24,1,No
CUST-02340,Female,0,7,Month-to-month,Credit card,No,26.52,185.64,3,No
CUST-02341,Male,0,31,One year,Bank transfer,Fiber optic,78.63,2437.53,1,No
CUST-02342,Male,0,29,One year,Electronic check,No,24.31,704.99,5,Yes
CUST-02343,Male,0,40,One year,Electronic check,Fiber optic,69.77,2790.8,0,No
CUST-02344,Female,0,54,One year,Bank transfer,DSL,34.83,1880.82,2,No
CUST-02345,Male,0,43,Two year,Electronic check,Fiber optic,80.98,3482.14,5,No
CUST-02346,Male,0,19,Month-to-month,Bank transfer,DSL,43.15,819.85,2,No
CUST-02347,Male,0,24,One year,Credit card,DSL,38.53,924.72,0,No
CUST-02348,Female,1,55,One year,Mailed check,Fiber optic,80.97,4453.35,3,No
CUST-02349,Male,1,15,Month-to-month,Mailed check,DSL,46.67,700.05,2,Yes
CUST-02350,Male,1,37,Month-to-month,Electronic check,No,18.0,666.0,1,No
CUST-02351,Female,0,39,Month-to-month,Electronic check,No,18.0,702.0,2,No
CUST-02352,Male,0,55,Month-to-month,Bank transfer,Fiber optic,81.73,4495.15,1,No
CUST-02353,Male,0,52,Month-to-month,Mailed check,Fiber optic,71.83,3735.16,3,Yes
CUST-02354,Male,0,34,Month-to-month,Electronic check,Fiber optic,75.17,2555.78,1,No
CUST-02355,Male,1,23,One year,Electronic check,DSL,49.27,1133.21,2,No
CUST-02356,Female,0,27,Month-to-month,Electronic check,DSL,44.81,1209.87,3,Yes
CUST-02357,Male,0,30,Two year,Bank transfer,DSL,41.18,1235.4,4,No
CUST-02358,Female,1,16,Month-to-month,Bank transfer,DSL,37.78,604.48,2,No
CUST-02359,Female,0,46,One year,Mailed check,DSL,36.89,1696.94,2,No
CUST-02360,Male,0,16,Month-to-month,Mailed check,DSL,43.95,703.2,1,No
CUST-02361,Female,0,47,Month-to-month,Electronic check,DSL,61.21,2876.87,0,No
CUST-02362,Male,0,55,Month-to-month,Mailed check,No,24.53,1349.15,1,No
CUST-02363,Female,1,70,One year,Electronic check,DSL,34.34,2403.8,2,No
CUST-02364,Male,0,9,Month-to-month,Credit card,DSL,50.66,455.94,3,Yes
CUST-02365,Male,0,55,Two year,Electronic check,Fiber optic,73.93,4066.15,2,No
CUST-02366,Female,0,7,Month-to-month,Mailed check,Fiber optic,79.96,559.72,2,No
CUST-02367,Female,1,25,One year,Electronic check,Fiber optic,75.29,1882.25,2,No
CUST-02368,Female,1,13,Month-to-month,Credit card,DSL,61.18,795.34,4,Yes
CUST-02369,Male,1,12,One year,Electronic check,Fiber optic,70.93,851.16,2,Yes
CUST-02370,Female,1,13,Month-to-month,Credit card,Fiber optic,82.51,1072.63,2,Yes
CUST-02371,Male,0,4,Month-to-month,Electronic check,Fiber optic,74.52,298.08,2,Yes
CUST-02372,Female,0,60,Month-to-month,Credit card,Fiber optic,85.91,5154.6,2,No
CUST-02373,Female,1,5,Month-to-month,Bank transfer,Fiber optic,82.35,411.75,5,Yes
CUST-02374,Male,0,29,Month-to-month,Electronic check,Fiber optic,90.04,2611.16,0,Yes
CUST-02375,Male,0,51,Two year,Electronic check,DSL,50.74,2587.74,2,No
CUST-02376,Male,0,72,Month-to-month,Mailed check,Fiber optic,74.45,5360.4,2,No
CUST-02377,Male,0,62,Month-to-month,Credit card,DSL,68.33,4236.46,2,Yes
CUST-02378,Female,0,10,Two year,Credit card,DSL,49.44,494.4,1,No
CUST-02379,Male,1,72,Month-to-month,Electronic check,Fiber optic,75.59,5442.48,3,No
CUST-02380,Female,0,48,Month-to-month,Mailed check,DSL,46.64,2238.72,0,No
CUST-02381,Female,0,13,One year,Electronic check,DSL,50.05,650.65,0,No
CUST-02382,Male,0,33,Two year,Electronic check,Fiber optic,84.74,2796.42,1,No
CUST-02383,Male,0,67,One year,Bank transfer,Fiber optic,83.97,5625.99,2,No
CUST-02384,Female,0,29,Month-to-month,Electronic check,No,27.73,804.17,2,No
CUST-02385,Male,0,14,Two year,Electronic check,No,26.95,377.3,1,No
CUST-02386,Male,0,64,Month-to-month,Credit card,No,18.0,1152.0,2,No
CUST-02387,Female,0,69,Two year,Bank transfer,Fiber optic,96.86,6683.34,1,No
CUST-02388,Male,0,71,Two year,Credit card,DSL,60.75,4313.25,1,No
CUST-02389,Male,0,69,Two year,Electronic check,Fiber optic,86.41,5962.29,0,No
CUST-02390,Male,0,63,Month-to-month,Credit card,Fiber optic,80.31,5059.53,0,No
CUST-02391,Female,0,33,Month-to-month,Bank transfer,Fiber optic,80.45,2654.85,2,No
CUST-02392,Female,0,14,One year,Mailed check,DSL,42.41,593.74,2,No
CUST-02393,Female,0,45,Month-to-month,Electronic check,DSL,43.44,1954.8,0,Yes
CUST-02394,Female,1,16,Month-to-month,Credit card,DSL,27.51,440.16,1,No
CUST-02395,Female,0,35,Two year,Mailed check,DSL,57.24,2003.4,2,No
CUST-02396,Female,0,48,One year,Credit card,DSL,54.42,2612.16,1,No
CUST-02397,Male,0,69,Month-to-month,Bank transfer,No,18.0,1242.0,2,Yes
CUST-02398,Female,0,21,Month-to-month,Credit card,DSL,52.12,1094.52,1,Yes
CUST-02399,Male,0,19,Month-to-month,Bank transfer,Fiber optic,79.94,1518.86,4,Yes
CUST-02400,Female,0,53,Month-to-month,Credit card,No,18.41,975.73,2,No
CUST-02401,Female,0,1,Month-to-month,Electronic check,Fiber optic,83.94,83.94,4,Yes
CUST-02402,Male,0,41,Two year,Electronic check,Fiber optic,66.06,2708.46,1,No
CUST-02403,Female,1,54,One year,Bank transfer,Fiber optic,79.91,4315.14,0,No
CUST-02404,Female,0,40,Month-to-month,Mailed check,DSL,45.64,1825.6,1,No
CUST-02405,Female,1,28,Month-to-month,Bank transfer,Fiber optic,80.64,2257.92,2,Yes
CUST-02406,Male,1,60,One year,Bank transfer,No,18.0,1080.0,1,No
CUST-02407,Female,0,27,Two year,Mailed check,Fiber optic,83.58,2256.66,1,No
CUST-02408,Female,0,52,Two year,Credit card,No,28.48,1480.96,2,No
CUST-02409,Male,0,34,Month-to-month,Electronic check,No,23.26,790.84,1,No
CUST-02410,Male,0,2,Two year,Credit card,Fiber optic,78.17,156.34,1,No
CUST-02411,Female,0,39,Month-to-month,Electronic check,Fiber optic,101.51,3958.89,0,No
CUST-02412,Male,0,4,Month-to-month,Bank transfer,Fiber optic,72.6,290.4,1,Yes
CUST-02413,Male,0,68,Two year,Credit card,Fiber optic,86.19,5860.92,4,No
CUST-02414,Female,0,44,Month-to-month,Electronic check,Fiber optic,81.95,3605.8,1,No
CUST-02415,Female,0,27,Month-to-month,Electronic check,Fiber optic,96.1,2594.7,2,No
CUST-02416,Male,0,36,Month-to-month,Electronic check,No,23.09,831.24,3,No
CUST-02417,Male,1,45,Month-to-month,Bank transfer,DSL,49.81,2241.45,1,No
CUST-02418,Male,0,19,Month-to-month,Mailed check,Fiber optic,84.05,1596.95,4,Yes
CUST-02419,Female,0,21,One year,Electronic check,DSL,36.53,767.13,1,No
CUST-02420,Female,0,31,Month-to-month,Credit card,Fiber optic,73.05,2264.55,0,No
CUST-02421,Male,1,19,Month-to-month,Electronic check,Fiber optic,77.79,1478.01,1,Yes
CUST-02422,Female,0,55,Two year,Mailed check,Fiber optic,87.66,4821.3,0,No
CUST-02423,Female,0,8,Month-to-month,Bank transfer,Fiber optic,81.86,654.88,3,Yes
CUST-02424,Male,1,60,Two year,Electronic check,Fiber optic,78.35,4701.0,1,No
CUST-02425,Female,0,26,Month-to-month,Electronic check,DSL,55.98,1455.48,3,No
CUST-02426,Male,0,41,One year,Credit card,DSL,29.14,1194.74,0,No
CUST-02427,Female,0,12,Month-to-month,Bank transfer,DSL,34.63,415.56,1,No
CUST-02428,Male,0,28,Two year,Electronic check,No,18.0,504.0,0,No
CUST-02429,Female,0,55,Month-to-month,Credit card,DSL,54.67,3006.85,0,No
CUST-02430,Female,0,20,Two year,Mailed check,No,19.23,384.6,1,No
CUST-02431,Female,0,10,Month-to-month,Electronic check,DSL,52.73,527.3,3,Yes
CUST-02432,Female,0,38,One year,Bank transfer,Fiber optic,79.13,3006.94,1,No
CUST-02433,Female,0,12,Month-to-month,Mailed check,Fiber optic,88.19,1058.28,1,Yes
CUST-02434,Male,1,23,Month-to-month,Electronic check,Fiber optic,78.99,1816.77,1,Yes
CUST-02435,Male,0,33,Month-to-month,Credit card,Fiber optic,83.28,2748.24,1,Yes
CUST-02436,Female,0,41,Month-to-month,Electronic check,Fiber optic,82.11,3366.51,2,No
CUST-02437,Male,0,47,Month-to-month,Electronic check,No,22.7,1066.9,1,No
CUST-02438,Female,0,49,One year,Electronic check,Fiber optic,93.48,4580.52,1,No
CUST-02439,Female,0,61,Month-to-month,Bank transfer,DSL,32.0,1952.0,4,No
CUST-02440,Female,0,5,Month-to-month,Bank transfer,DSL,44.45,222.25,1,Yes
CUST-02441,Male,0,27,Month-to-month,Credit card,Fiber optic,81.58,2202.66,1,Yes
CUST-02442,Male,0,1,Month-to-month,Electronic check,Fiber optic,80.39,80.39,1,Yes
CUST-02443,Male,0,1,Month-to-month,Credit card,Fiber optic,76.82,76.82,3,Yes
CUST-02444,Female,0,16,One year,Bank transfer,Fiber optic,75.72,1211.52,0,No
CUST-02445,Female,0,44,Month-to-month,Electronic check,Fiber optic,92.24,4058.56,3,No
CUST-02446,Female,0,65,Two year,Electronic check,Fiber optic,79.43,5162.95,0,No
CUST-02447,Male,0,56,Month-to-month,Credit card,Fiber optic,99.5,5572.0,2,No
CUST-02448,Male,0,47,Month-to-month,Electronic check,Fiber optic,84.23,3958.81,1,No
CUST-02449,Male,0,57,Two year,Bank transfer,Fiber optic,77.68,4427.76,1,No
CUST-02450,Male,0,13,Month-to-month,Mailed check,No,24.42,317.46,2,Yes
CUST-02451,Female,0,61,Month-to-month,Electronic check,Fiber optic,80.87,4933.07,3,Yes
CUST-02452,Male,1,65,Two year,Credit card,No,30.74,1998.1,1,No
CUST-02453,Female,0,7,Two year,Credit card,DSL,35.66,249.62,2,No
CUST-02454,Male,0,34,One year,Mailed check,Fiber optic,65.59,2230.06,1,No
CUST-02455,Female,0,60,Month-to-month,Bank transfer,Fiber optic,82.89,4973.4,0,No
CUST-02456,Female,0,35,One year,Mailed check,Fiber optic,86.69,3034.15,1,No
CUST-02457,Male,0,61,Two year,Bank transfer,DSL,47.29,2884.69,0,No
CUST-02458,Female,0,68,Two year,Electronic check,Fiber optic,85.38,5805.84,1,Yes
CUST-02459,Male,0,35,Month-to-month,Mailed check,Fiber optic,84.2,2947.0,2,No
CUST-02460,Male,0,5,Month-to-month,Electronic check,No,18.0,90.0,1,Yes
CUST-02461,Male,0,25,Month-to-month,Mailed check,Fiber optic,82.25,2056.25,1,Yes
CUST-02462,Female,0,16,Month-to-month,Mailed check,DSL,55.53,888.48,1,Yes
CUST-02463,Female,0,35,One year,Electronic check,Fiber optic,81.37,2847.95,1,No
CUST-02464,Male,0,43,Month-to-month,Credit card,Fiber optic,69.52,2989.36,3,Yes
CUST-02465,Male,0,34,Month-to-month,Electronic check,DSL,42.33,1439.22,1,No
CUST-02466,Female,0,15,Month-to-month,Electronic check,Fiber optic,84.45,1266.75,2,No
CUST-02467,Female,0,22,Month-to-month,Mailed check,Fiber optic,94.37,2076.14,1,Yes
CUST-02468,Male,0,49,Month-to-month,Bank transfer,DSL,29.35,1438.15,0,No
CUST-02469,Male,0,2,Month-to-month,Electronic check,Fiber optic,82.89,165.78,1,Yes
CUST-02470,Female,1,16,Month-to-month,Mailed check,Fiber optic,72.54,1160.64,1,Yes
CUST-02471,Female,0,65,Two year,Bank transfer,Fiber optic,84.06,5463.9,1,No
CUST-02472,Female,0,8,Month-to-month,Electronic check,Fiber optic,84.7,677.6,0,No
CUST-02473,Male,0,30,Month-to-month,Credit card,DSL,43.13,1293.9,1,No
CUST-02474,Female,0,15,Month-to-month,Electronic check,No,25.05,375.75,3,Yes
CUST-02475,Male,0,8,Month-to-month,Bank transfer,Fiber optic,89.12,712.96,3,Yes
CUST-02476,Female,0,31,Month-to-month,Electronic check,DSL,43.68,1354.08,2,No
CUST-02477,Female,0,38,Month-to-month,Bank transfer,No,18.0,684.0,1,No
CUST-02478,Male,0,13,Month-to-month,Credit card,DSL,56.4,733.2,3,No
CUST-02479,Male,0,6,Month-to-month,Electronic check,Fiber optic,86.63,519.78,0,Yes
CUST-02480,Female,0,10,One year,Electronic check,Fiber optic,84.51,845.1,1,No
CUST-02481,Male,0,47,Month-to-month,Electronic check,No,18.0,846.0,2,No
CUST-02482,Female,0,62,Month-to-month,Electronic check,No,27.88,1728.56,3,No
CUST-02483,Male,1,13,One year,Credit card,DSL,61.34,797.42,0,No
CUST-02484,Male,0,24,Month-to-month,Bank transfer,Fiber optic,79.03,1896.72,2,Yes
CUST-02485,Female,0,25,Month-to-month,Bank transfer,DSL,45.76,1144.0,1,No
CUST-02486,Female,0,26,Month-to-month,Credit card,Fiber optic,71.48,1858.48,1,Yes
CUST-02487,Male,0,18,Month-to-month,Credit card,Fiber optic,74.24,1336.32,1,Yes
CUST-02488,Male,0,4,Month-to-month,Credit card,DSL,36.4,145.6,2,No
CUST-02489,Female,0,38,Two year,Electronic check,DSL,46.05,1749.9,3,Yes
CUST-02490,Male,0,26,Two year,Electronic check,DSL,42.27,1099.02,3,Yes
CUST-02491,Male,0,25,Two year,Electronic check,DSL,47.98,1199.5,2,No
CUST-02492,Female,0,20,Month-to-month,Electronic check,DSL,37.86,757.2,4,Yes
CUST-02493,Female,1,67,Month-to-month,Mailed check,No,18.66,1250.22,1,No
CUST-02494,Male,1,44,Month-to-month,Electronic check,Fiber optic,72.37,3184.28,2,Yes
CUST-02495,Male,0,31,Month-to-month,Mailed check,Fiber optic,81.5,2526.5,2,Yes
CUST-02496,Male,0,15,Month-to-month,Mailed check,No,18.0,270.0,1,No
CUST-02497,Female,1,58,Month-to-month,Electronic check,Fiber optic,81.21,4710.18,5,Yes
CUST-02498,Male,0,64,Month-to-month,Electronic check,Fiber optic,77.77,4977.28,2,No
CUST-02499,Female,0,3,Month-to-month,Mailed check,No,21.45,64.35,0,Yes
CUST-02500,Female,1,67,Month-to-month,Mailed check,Fiber optic,66.78,4474.26,3,No
CUST-02501,Male,0,51,One year,Bank transfer,Fiber optic,85.24,4347.24,3,No
CUST-02502,Female,1,8,Month-to-month,Bank transfer,No,18.0,144.0,0,Yes
CUST-02503,Male,0,55,Two year,Electronic check,Fiber optic,81.74,4495.7,3,No
CUST-02504,Male,1,8,Month-to-month,Electronic check,Fiber optic,65.04,520.32,0,Yes
CUST-02505,Female,0,4,Month-to-month,Electronic check,No,18.0,72.0,2,Yes
CUST-02506,Female,0,9,Month-to-month,Electronic check,Fiber optic,76.88,691.92,0,Yes
CUST-02507,Female,0,34,Month-to-month,Mailed check,No,31.0,1054.0,0,No
CUST-02508,Female,0,45,Month-to-month,Credit card,DSL,49.22,2214.9,4,No
CUST-02509,Male,0,30,Month-to-month,Electronic check,DSL,46.04,1381.2,1,No
CUST-02510,Female,1,9,One year,Electronic check,Fiber optic,72.61,653.49,3,Yes
CUST-02511,Female,1,15,Month-to-month,Bank transfer,DSL,36.15,542.25,1,Yes
CUST-02512,Female,1,62,Month-to-month,Mailed check,No,22.21,1377.02,3,No
CUST-02513,Male,0,70,Two year,Electronic check,DSL,50.61,3542.7,3,No
CUST-02514,Female,0,55,Month-to-month,Electronic check,Fiber optic,81.67,4491.85,1,Yes
CUST-02515,Male,0,8,One year,Credit card,DSL,58.68,469.44,1,Yes
CUST-02516,Male,0,60,Month-to-month,Electronic check,No,18.0,1080.0,3,No
CUST-02517,Male,0,50,Month-to-month,Bank transfer,Fiber optic,81.43,4071.5,2,Yes
CUST-02518,Male,0,38,Month-to-month,Credit card,DSL,31.45,1195.1,0,No
CUST-02519,Male,0,11,Month-to-month,Electronic check,DSL,46.69,513.59,1,Yes
CUST-02520,Female,0,72,One year,Bank transfer,Fiber optic,91.75,6606.0,0,Yes
CUST-02521,Female,0,32,Month-to-month,Electronic check,No,18.0,576.0,2,Yes
CUST-02522,Male,0,4,Month-to-month,Electronic check,No,26.74,106.96,2,No
CUST-02523,Female,0,16,Month-to-month,Electronic check,DSL,56.53,904.48,1,No
CUST-02524,Male,0,29,Two year,Credit card,Fiber optic,74.48,2159.92,0,No
CUST-02525,Male,1,5,One year,Electronic check,DSL,48.74,243.7,2,No
CUST-02526,Male,0,24,Two year,Electronic check,Fiber optic,92.64,2223.36,4,No
CUST-02527,Female,1,34,One year,Credit card,Fiber optic,81.84,2782.56,4,Yes
CUST-02528,Male,1,69,One year,Electronic check,DSL,51.29,3539.01,3,No
CUST-02529,Male,0,7,Month-to-month,Credit card,Fiber optic,65.81,460.67,2,No
CUST-02530,Female,0,42,Two year,Bank transfer,No,24.78,1040.76,0,No
CUST-02531,Female,0,66,Month-to-month,Bank transfer,DSL,49.14,3243.24,2,No
CUST-02532,Male,0,59,Month-to-month,Bank transfer,DSL,34.39,2029.01,2,No
CUST-02533,Male,0,67,One year,Bank transfer,DSL,37.29,2498.43,1,No
CUST-02534,Female,0,13,Month-to-month,Electronic check,DSL,49.83,647.79,2,No
CUST-02535,Male,1,58,Month-to-month,Credit card,DSL,42.58,2469.64,1,No
CUST-02536,Female,0,71,Month-to-month,Credit card,Fiber optic,88.9,6311.9,0,No
CUST-02537,Female,0,24,Month-to-month,Credit card,DSL,47.49,1139.76,1,No
CUST-02538,Male,1,36,Two year,Bank transfer,Fiber optic,80.45,2896.2,3,No
CUST-02539,Female,1,39,Month-to-month,Mailed check,No,18.64,726.96,3,No
CUST-02540,Male,0,36,Two year,Mailed check,No,22.34,804.24,0,No
CUST-02541,Female,0,21,Month-to-month,Electronic check,Fiber optic,86.42,1814.82,4,Yes
CUST-02542,Male,1,70,One year,Mailed check,DSL,49.27,3448.9,2,No
CUST-02543,Male,0,69,Month-to-month,Bank transfer,DSL,41.62,2871.78,0,No
CUST-02544,Female,1,28,Two year,Bank transfer,DSL,54.92,1537.76,3,No
CUST-02545,Male,0,58,Month-to-month,Electronic check,No,25.26,1465.08,0,No
CUST-02546,Male,0,29,Month-to-month,Mailed check,No,23.08,669.32,3,No
CUST-02547,Female,0,58,Month-to-month,Bank transfer,Fiber optic,80.73,4682.34,3,Yes
CUST-02548,Female,0,43,Month-to-month,Mailed check,DSL,49.0,2107.0,1,No
CUST-02549,Male,0,34,Month-to-month,Credit card,Fiber optic,65.35,2221.9,1,Yes
CUST-02550,Male,0,10,One year,Bank transfer,DSL,46.93,469.3,1,No
CUST-02551,Female,0,48,Two year,Electronic check,No,33.12,1589.76,2,No
CUST-02552,Male,0,24,One year,Electronic check,DSL,46.76,1122.24,1,No
CUST-02553,Female,0,16,Month-to-month,Bank transfer,Fiber optic,80.67,1290.72,3,No
CUST-02554,Male,0,14,Month-to-month,Mailed check,Fiber optic,75.23,1053.22,1,No
CUST-02555,Female,0,71,Two year,Credit card,DSL,48.94,3474.74,3,No
CUST-02556,Male,0,8,Two year,Electronic check,Fiber optic,78.44,627.52,1,No
CUST-02557,Female,0,58,Month-to-month,Electronic check,No,30.47,1767.26,2,Yes
CUST-02558,Male,0,63,Two year,Mailed check,DSL,38.09,2399.67,1,No
CUST-02559,Male,0,3,Month-to-month,Bank transfer,Fiber optic,76.38,229.14,2,Yes
CUST-02560,Female,0,43,Two year,Credit card,Fiber optic,75.19,3233.17,0,No
CUST-02561,Female,0,42,Two year,Credit card,DSL,59.68,2506.56,1,No
CUST-02562,Male,1,26,One year,Mailed check,DSL,43.48,1130.48,5,No
CUST-02563,Male,1,49,Month-to-month,Credit card,DSL,40.62,1990.38,3,No
CUST-02564,Female,0,30,One year,Electronic check,DSL,28.28,848.4,3,No
CUST-02565,Female,0,32,Month-to-month,Bank transfer,Fiber optic,72.71,2326.72,4,No
CUST-02566,Female,0,32,One year,Credit card,No,24.22,775.04,4,No
CUST-02567,Male,0,58,Month-to-month,Mailed check,Fiber optic,84.19,4883.02,1,No
CUST-02568,Female,0,46,One year,Credit card,No,18.0,828.0,1,No
CUST-02569,Male,0,28,Two year,Electronic check,Fiber optic,75.23,2106.44,1,No
CUST-02570,Female,1,67,Month-to-month,Electronic check,Fiber optic,94.88,6356.96,0,Yes
CUST-02571,Male,1,58,Month-to-month,Mailed check,Fiber optic,101.57,5891.06,0,No
CUST-02572,Male,0,68,One year,Credit card,DSL,54.2,3685.6,2,No
CUST-02573,Male,0,53,Month-to-month,Electronic check,DSL,57.47,3045.91,0,No
CUST-02574,Female,0,29,Month-to-month,Credit card,Fiber optic,94.17,2730.93,0,Yes
CUST-02575,Female,0,56,Month-to-month,Electronic check,Fiber optic,97.72,5472.32,0,Yes
CUST-02576,Male,0,24,Month-to-month,Bank transfer,Fiber optic,77.58,1861.92,2,Yes
CUST-02577,Male,0,20,One year,Bank transfer,DSL,37.97,759.4,1,No
CUST-02578,Female,0,33,One year,Electronic check,No,34.67,1144.11,2,No
CUST-02579,Male,0,70,Month-to-month,Bank transfer,DSL,37.29,2610.3,0,No
CUST-02580,Male,0,41,Month-to-month,Bank transfer,No,18.0,738.0,1,No
CUST-02581,Male,0,28,Month-to-month,Mailed check,No,18.0,504.0,0,No
CUST-02582,Female,0,34,Month-to-month,Electronic check,No,18.95,644.3,2,No
CUST-02583,Female,0,21,One year,Electronic check,Fiber optic,64.12,1346.52,1,No
CUST-02584,Female,0,48,Month-to-month,Credit card,DSL,33.54,1609.92,2,No
CUST-02585,Female,0,26,Month-to-month,Bank transfer,Fiber optic,75.02,1950.52,4,Yes
CUST-02586,Female,0,40,Two year,Credit card,Fiber optic,70.43,2817.2,2,No
CUST-02587,Female,0,27,Month-to-month,Bank transfer,Fiber optic,88.5,2389.5,1,Yes
CUST-02588,Male,0,24,One year,Credit card,DSL,45.05,1081.2,2,No
CUST-02589,Male,0,70,Month-to-month,Electronic check,DSL,49.62,3473.4,0,No
CUST-02590,Female,0,25,Month-to-month,Mailed check,DSL,48.74,1218.5,3,Yes
CUST-02591,Female,1,6,Month-to-month,Bank transfer,Fiber optic,78.35,470.1,0,No
CUST-02592,Female,1,28,One year,Electronic check,Fiber optic,87.91,2461.48,1,No
CUST-02593,Male,0,39,Two year,Electronic check,No,23.62,921.18,0,No
CUST-02594,Male,1,7,Month-to-month,Bank transfer,Fiber optic,77.45,542.15,2,No
CUST-02595,Male,0,23,Month-to-month,Credit card,Fiber optic,66.53,1530.19,1,Yes
CUST-02596,Male,0,12,Month-to-month,Bank transfer,DSL,49.17,590.04,2,Yes
CUST-02597,Female,0,37,One year,Electronic check,Fiber optic,69.91,2586.67,2,No
CUST-02598,Male,0,53,One year,Credit card,DSL,48.04,2546.12,2,No
CUST-02599,Male,0,70,One year,Electronic check,DSL,45.63,,2,No
CUST-02600,Male,0,29,Two year,Electronic check,DSL,34.12,989.48,3,No
CUST-02601,Male,0,63,Month-to-month,Credit card,DSL,47.07,2965.41,1,No
CUST-02602,Female,1,16,One year,Credit card,DSL,46.53,744.48,0,No
CUST-02603,Female,0,57,One year,Credit card,Fiber optic,81.56,4648.92,1,No
CUST-02604,Male,1,41,Month-to-month,Credit card,DSL,46.18,1893.38,1,No
CUST-02605,Female,1,55,Two year,Bank transfer,DSL,39.78,2187.9,0,No
CUST-02606,Female,1,55,Month-to-month,Electronic check,DSL,49.73,2735.15,2,Yes
CUST-02607,Female,0,39,One year,Electronic check,Fiber optic,74.5,2905.5,1,No
CUST-02608,Female,0,19,One year,Credit card,Fiber optic,71.4,1356.6,0,Yes
CUST-02609,Female,0,38,Two year,Credit card,DSL,50.4,1915.2,3,No
CUST-02610,Female,1,60,Month-to-month,Mailed check,DSL,52.49,3149.4,2,Yes
CUST-02611,Male,0,70,Month-to-month,Mailed check,No,24.85,1739.5,0,No
CUST-02612,Female,0,67,Two year,Electronic check,Fiber optic,78.34,5248.78,0,No
CUST-02613,Female,0,14,One year,Electronic check,Fiber optic,64.48,902.72,2,Yes
CUST-02614,Female,0,44,Month-to-month,Credit card,Fiber optic,91.85,4041.4,0,Yes
CUST-02615,Male,0,8,One year,Electronic check,No,18.0,144.0,0,No
CUST-02616,Female,0,49,Month-to-month,Mailed check,No,24.69,1209.81,4,No
CUST-02617,Female,0,72,One year,Credit card,Fiber optic,96.88,6975.36,2,No
CUST-02618,Male,0,4,Two year,Mailed check,Fiber optic,81.2,324.8,2,No
CUST-02619,Female,0,48,Month-to-month,Mailed check,DSL,47.33,2271.84,3,No
CUST-02620,Female,0,69,Month-to-month,Electronic check,Fiber optic,83.03,5729.07,0,No
CUST-02621,Female,0,61,Two year,Electronic check,Fiber optic,81.59,4976.99,1,No
CUST-02622,Female,0,29,One year,Electronic check,DSL,63.8,1850.2,1,No
CUST-02623,Female,1,8,Two year,Electronic check,No,18.0,,3,No
CUST-02624,Male,0,67,Month-to-month,Electronic check,No,18.0,1206.0,3,No
CUST-02625,Female,1,67,Two year,Electronic check,DSL,42.38,2839.46,0,No
CUST-02626,Female,0,42,Month-to-month,Electronic check,No,33.93,1425.06,2,No
CUST-02627,Male,0,71,Month-to-month,Electronic check,DSL,40.38,2866.98,1,Yes
CUST-02628,Female,0,1,Month-to-month,Credit card,Fiber optic,83.44,83.44,1,Yes
CUST-02629,Male,0,45,One year,Electronic check,No,28.57,1285.65,0,No
CUST-02630,Male,0,3,Two year,Mailed check,DSL,51.23,153.69,3,No
CUST-02631,Female,0,68,One year,Credit card,Fiber optic,88.14,5993.52,0,No
CUST-02632,Female,0,49,One year,Electronic check,Fiber optic,91.34,4475.66,1,No
CUST-02633,Male,0,66,Month-to-month,Mailed check,DSL,47.47,3133.02,3,No
CUST-02634,Female,0,41,Month-to-month,Credit card,Fiber optic,76.34,3129.94,5,Yes
CUST-02635,Male,0,6,Month-to-month,Bank transfer,DSL,46.18,277.08,3,No
CUST-02636,Male,0,2,Month-to-month,Electronic check,Fiber optic,77.29,154.58,1,Yes
CUST-02637,Female,0,25,Month-to-month,Bank transfer,DSL,65.17,1629.25,1,Yes
CUST-02638,Male,0,54,Two year,Bank transfer,DSL,40.74,2199.96,1,No
CUST-02639,Female,0,11,One year,Mailed check,Fiber optic,83.87,922.57,2,No
CUST-02640,Male,1,62,One year,Electronic check,DSL,32.99,2045.38,0,No
CUST-02641,Male,0,18,Month-to-month,Electronic check,Fiber optic,81.06,1459.08,1,No
CUST-02642,Female,0,36,Month-to-month,Credit card,Fiber optic,77.7,2797.2,1,Yes
CUST-02643,Male,0,15,Month-to-month,Electronic check,Fiber optic,85.41,1281.15,4,Yes
CUST-02644,Male,0,34,Month-to-month,Electronic check,DSL,50.61,1720.74,2,No
CUST-02645,Male,0,33,Month-to-month,Mailed check,No,31.34,1034.22,1,No
CUST-02646,Female,1,1,Month-to-month,Credit card,Fiber optic,90.7,90.7,2,Yes
CUST-02647,Male,0,41,Month-to-month,Electronic check,DSL,44.47,1823.27,2,Yes
CUST-02648,Female,0,57,One year,Electronic check,Fiber optic,72.44,4129.08,0,No
CUST-02649,Male,1,68,Month-to-month,Mailed check,Fiber optic,73.38,4989.84,4,Yes
CUST-02650,Female,0,24,Month-to-month,Bank transfer,Fiber optic,82.42,1978.08,2,Yes
CUST-02651,Female,0,64,Month-to-month,Mailed check,Fiber optic,81.26,5200.64,2,No
CUST-02652,Male,0,64,Month-to-month,Credit card,Fiber optic,82.06,5251.84,0,No
CUST-02653,Female,0,72,Month-to-month,Electronic check,No,18.0,1296.0,0,No
CUST-02654,Male,0,27,Month-to-month,Electronic check,Fiber optic,91.5,2470.5,3,Yes
CUST-02655,Female,0,62,One year,Mailed check,No,18.0,1116.0,3,No
CUST-02656,Male,0,41,Month-to-month,Electronic check,Fiber optic,75.28,3086.48,4,Yes
CUST-02657,Female,1,5,Two year,Mailed check,No,18.0,90.0,1,No
CUST-02658,Male,0,20,Month-to-month,Credit card,No,18.33,366.6,4,Yes
CUST-02659,Female,0,49,Month-to-month,Electronic check,DSL,54.97,2693.53,3,No
CUST-02660,Male,0,12,Month-to-month,Bank transfer,DSL,42.7,512.4,0,No
CUST-02661,Male,0,32,Month-to-month,Electronic check,Fiber optic,80.81,2585.92,2,Yes
CUST-02662,Male,0,56,Month-to-month,Bank transfer,Fiber optic,85.31,4777.36,2,No
CUST-02663,Female,0,11,Two year,Mailed check,Fiber optic,77.32,850.52,2,No
CUST-02664,Male,0,36,Month-to-month,Mailed check,Fiber optic,83.06,2990.16,0,Yes
CUST-02665,Female,0,16,One year,Electronic check,No,22.01,352.16,1,No
CUST-02666,Female,0,39,Month-to-month,Credit card,Fiber optic,70.95,2767.05,0,No
CUST-02667,Male,0,18,Month-to-month,Credit card,Fiber optic,76.29,1373.22,2,Yes
CUST-02668,Male,0,70,Month-to-month,Credit card,DSL,47.84,3348.8,2,Yes
CUST-02669,Male,0,6,Month-to-month,Credit card,Fiber optic,90.26,541.56,3,Yes
CUST-02670,Male,0,70,Month-to-month,Electronic check,DSL,55.25,3867.5,3,No
CUST-02671,Female,0,58,Two year,Mailed check,Fiber optic,96.76,5612.08,3,No
CUST-02672,Female,0,62,One year,Electronic check,Fiber optic,83.88,,0,No
CUST-02673,Female,0,62,Two year,Credit card,Fiber optic,76.69,4754.78,2,No
CUST-02674,Female,0,14,Month-to-month,Electronic check,Fiber optic,79.49,1112.86,1,No
CUST-02675,Female,1,68,One year,Electronic check,Fiber optic,79.09,5378.12,2,No
CUST-02676,Female,0,43,One year,Bank transfer,DSL,41.74,1794.82,0,No
CUST-02677,Male,0,70,One year,Electronic check,DSL,48.06,3364.2,1,No
CUST-02678,Female,0,64,Two year,Bank transfer,No,23.44,1500.16,2,No
CUST-02679,Female,0,42,One year,Electronic check,No,18.0,756.0,1,No
CUST-02680,Male,0,27,Two year,Bank transfer,DSL,53.71,1450.17,3,No
CUST-02681,Female,1,9,One year,Credit card,DSL,30.31,272.79,0,No
CUST-02682,Female,0,8,Month-to-month,Bank transfer,Fiber optic,78.22,625.76,1,Yes
CUST-02683,Male,1,29,One year,Electronic check,Fiber optic,89.19,2586.51,1,No
CUST-02684,Female,0,59,Month-to-month,Electronic check,Fiber optic,84.86,5006.74,1,Yes
CUST-02685,Female,0,37,Two year,Electronic check,DSL,42.14,1559.18,1,No
CUST-02686,Female,1,35,Two year,Electronic check,Fiber optic,95.75,3351.25,0,No
CUST-02687,Female,0,18,Month-to-month,Bank transfer,DSL,41.48,746.64,0,No
CUST-02688,Female,0,41,Month-to-month,Electronic check,DSL,28.98,1188.18,0,No
CUST-02689,Male,0,46,Month-to-month,Electronic check,DSL,48.62,2236.52,2,No
CUST-02690,Male,1,71,Month-to-month,Electronic check,Fiber optic,65.77,4669.67,2,Yes
CUST-02691,Female,1,53,Month-to-month,Credit card,Fiber optic,73.35,3887.55,1,Yes
CUST-02692,Male,0,44,One year,Electronic check,DSL,49.98,2199.12,4,Yes
CUST-02693,Female,0,66,One year,Electronic check,Fiber optic,76.31,5036.46,4,No
CUST-02694,Female,0,31,Two year,Mailed check,Fiber optic,84.64,2623.84,0,No
CUST-02695,Male,0,68,Month-to-month,Electronic check,Fiber optic,70.74,4810.32,0,No
CUST-02696,Female,0,27,Month-to-month,Credit card,No,26.87,725.49,1,No
CUST-02697,Male,0,10,Month-to-month,Electronic check,DSL,31.47,314.7,2,Yes
CUST-02698,Male,0,31,Two year,Bank transfer,No,30.55,947.05,1,No
CUST-02699,Male,0,10,Month-to-month,Bank transfer,Fiber optic,76.2,762.0,2,No
CUST-02700,Male,0,9,Month-to-month,Credit card,Fiber optic,92.25,830.25,4,Yes
CUST-02701,Female,1,64,Month-to-month,Bank transfer,Fiber optic,73.28,4689.92,0,No
CUST-02702,Male,0,58,Two year,Bank transfer,DSL,60.4,3503.2,1,Yes
CUST-02703,Male,0,16,Month-to-month,Mailed check,DSL,37.34,597.44,2,Yes
CUST-02704,Male,0,61,One year,Mailed check,No,18.0,1098.0,3,No
CUST-02705,Male,0,5,One year,Bank transfer,Fiber optic,80.34,401.7,1,No
CUST-02706,Male,0,21,One year,Bank transfer,Fiber optic,89.87,1887.27,2,Yes
CUST-02707,Female,0,51,Month-to-month,Mailed check,Fiber optic,86.33,4402.83,3,Yes
CUST-02708,Female,0,22,Month-to-month,Electronic check,DSL,54.3,1194.6,2,Yes
CUST-02709,Male,0,53,Month-to-month,Electronic check,DSL,51.48,2728.44,0,No
CUST-02710,Male,0,63,Month-to-month,Mailed check,Fiber optic,73.44,4626.72,4,No
CUST-02711,Male,0,5,One year,Electronic check,Fiber optic,86.13,430.65,2,No
CUST-02712,Male,0,2,Month-to-month,Mailed check,Fiber optic,80.74,161.48,2,Yes
CUST-02713,Female,1,68,Month-to-month,Electronic check,Fiber optic,74.32,5053.76,3,No
CUST-02714,Male,0,38,Month-to-month,Bank transfer,Fiber optic,81.43,3094.34,0,No
CUST-02715,Male,0,37,One year,Bank transfer,No,19.55,723.35,2,No
CUST-02716,Female,0,34,Month-to-month,Bank transfer,DSL,56.33,1915.22,1,No
CUST-02717,Male,0,32,One year,Bank transfer,Fiber optic,75.88,2428.16,2,No
CUST-02718,Female,0,50,Month-to-month,Electronic check,Fiber optic,75.51,3775.5,2,Yes
CUST-02719,Female,0,42,Two year,Electronic check,DSL,39.41,1655.22,1,No
CUST-02720,Female,0,12,One year,Bank transfer,DSL,60.17,722.04,0,No
CUST-02721,Male,1,46,Month-to-month,Credit card,DSL,39.86,1833.56,2,No
CUST-02722,Female,0,49,Month-to-month,Bank transfer,DSL,55.37,2713.13,2,No
CUST-02723,Female,0,9,Month-to-month,Bank transfer,Fiber optic,71.75,645.75,3,Yes
CUST-02724,Female,0,28,Month-to-month,Bank transfer,DSL,49.05,1373.4,1,No
CUST-02725,Male,0,57,Month-to-month,Bank transfer,Fiber optic,82.1,4679.7,2,No
CUST-02726,Female,0,45,Two year,Bank transfer,DSL,54.87,2469.15,2,No
CUST-02727,Female,0,10,One year,Bank transfer,DSL,53.71,537.1,0,No
CUST-02728,Female,0,3,Month-to-month,Electronic check,DSL,45.66,136.98,1,No
CUST-02729,Female,1,42,One year,Electronic check,DSL,40.7,1709.4,0,No
CUST-02730,Male,0,34,Month-to-month,Mailed check,No,33.0,1122.0,0,No
CUST-02731,Female,0,70,Two year,Mailed check,DSL,39.9,2793.0,2,No
CUST-02732,Female,0,38,Month-to-month,Bank transfer,DSL,26.86,1020.68,1,Yes
CUST-02733,Female,0,68,One year,Electronic check,DSL,30.13,2048.84,0,No
CUST-02734,Male,0,16,One year,Electronic check,Fiber optic,67.08,1073.28,3,No
CUST-02735,Female,0,33,Month-to-month,Credit card,Fiber optic,84.77,2797.41,1,Yes
CUST-02736,Female,0,11,Month-to-month,Electronic check,Fiber optic,97.72,1074.92,2,No
CUST-02737,Female,0,42,Month-to-month,Credit card,Fiber optic,63.68,2674.56,0,No
CUST-02738,Male,0,14,Two year,Electronic check,Fiber optic,73.74,1032.36,2,No
CUST-02739,Female,0,36,Month-to-month,Mailed check,Fiber optic,80.71,2905.56,0,No
CUST-02740,Male,0,25,One year,Mailed check,No,32.36,809.0,1,No
CUST-02741,Female,0,14,One year,Electronic check,Fiber optic,73.7,1031.8,1,No
CUST-02742,Male,0,7,Two year,Electronic check,DSL,49.73,348.11,0,No
CUST-02743,Male,0,37,Month-to-month,Electronic check,Fiber optic,78.0,2886.0,1,No
CUST-02744,Female,0,69,Month-to-month,Electronic check,No,40.86,2819.34,1,No
CUST-02745,Female,1,15,One year,Electronic check,Fiber optic,81.16,1217.4,1,No
CUST-02746,Female,0,30,Month-to-month,Credit card,No,22.85,685.5,1,No
CUST-02747,Male,0,17,Two year,Electronic check,No,20.67,351.39,1,No
CUST-02748,Male,0,59,Month-to-month,Mailed check,DSL,41.68,2459.12,2,No
CUST-02749,Female,1,30,Month-to-month,Electronic check,Fiber optic,87.6,2628.0,0,Yes
CUST-02750,Female,1,71,Two year,Credit card,Fiber optic,70.73,5021.83,0,No
CUST-02751,Female,0,18,Month-to-month,Credit card,Fiber optic,63.98,1151.64,1,Yes
CUST-02752,Male,0,6,Month-to-month,Credit card,Fiber optic,78.8,472.8,3,Yes
CUST-02753,Female,0,42,Month-to-month,Credit card,No,26.52,1113.84,0,No
CUST-02754,Female,1,47,Month-to-month,Electronic check,Fiber optic,75.35,3541.45,0,No
CUST-02755,Male,1,72,Two year,Bank transfer,Fiber optic,81.49,5867.28,0,No
CUST-02756,Male,0,63,Month-to-month,Electronic check,DSL,35.23,2219.49,1,No
CUST-02757,Male,0,64,Month-to-month,Credit card,Fiber optic,88.5,5664.0,0,No
CUST-02758,Male,1,46,Month-to-month,Mailed check,No,25.22,1160.12,0,No
CUST-02759,Female,0,26,Two year,Mailed check,Fiber optic,80.16,2084.16,1,No
CUST-02760,Female,0,31,Month-to-month,Credit card,DSL,46.35,1436.85,2,No
CUST-02761,Male,0,10,Two year,Credit card,No,18.0,180.0,2,No
CUST-02762,Female,0,32,Two year,Credit card,No,18.0,576.0,1,No
CUST-02763,Female,0,27,Month-to-month,Electronic check,Fiber optic,79.02,2133.54,1,Yes
CUST-02764,Female,0,3,Two year,Electronic check,DSL,49.11,147.33,4,No
CUST-02765,Male,0,15,One year,Electronic check,Fiber optic,84.52,1267.8,2,No
CUST-02766,Female,0,39,Month-to-month,Mailed check,DSL,42.1,1641.9,1,No
CUST-02767,Female,0,27,Month-to-month,Mailed check,DSL,50.96,1375.92,0,No
CUST-02768,Female,0,72,Two year,Electronic check,Fiber optic,91.37,6578.64,1,No
CUST-02769,Female,0,35,One year,Credit card,No,19.29,675.15,1,No
CUST-02770,Male,0,70,One year,Electronic check,Fiber optic,82.48,5773.6,1,No
CUST-02771,Female,0,48,Two year,Bank transfer,No,18.34,880.32,0,No
CUST-02772,Male,0,3,Month-to-month,Credit card,No,18.99,56.97,3,No
CUST-02773,Female,0,15,Two year,Bank transfer,DSL,46.36,695.4,1,No
CUST-02774,Female,0,51,Two year,Mailed check,DSL,58.63,2990.13,3,No
CUST-02775,Female,0,40,Month-to-month,Electronic check,Fiber optic,87.32,,2,Yes
CUST-02776,Male,0,22,Month-to-month,Electronic check,Fiber optic,86.6,1905.2,3,Yes
CUST-02777,Male,0,38,Month-to-month,Bank transfer,Fiber optic,76.37,2902.06,2,No
CUST-02778,Female,0,66,Two year,Mailed check,Fiber optic,72.81,4805.46,1,No
CUST-02779,Male,1,28,Month-to-month,Electronic check,Fiber optic,83.12,2327.36,1,No
CUST-02780,Male,0,4,One year,Credit card,Fiber optic,89.95,359.8,1,Yes
CUST-02781,Male,0,23,Month-to-month,Bank transfer,Fiber optic,93.79,2157.17,3,Yes
CUST-02782,Male,0,68,Month-to-month,Credit card,DSL,25.38,1725.84,1,No
CUST-02783,Male,0,55,One year,Mailed check,DSL,64.57,3551.35,1,No
CUST-02784,Male,0,61,Month-to-month,Credit card,DSL,48.34,2948.74,4,No
CUST-02785,Male,0,66,Two year,Electronic check,No,27.27,1799.82,1,No
CUST-02786,Female,0,9,Month-to-month,Electronic check,No,18.0,162.0,0,No
CUST-02787,Female,1,21,Two year,Credit card,Fiber optic,78.1,1640.1,4,No
CUST-02788,Female,1,5,Month-to-month,Credit card,DSL,51.58,257.9,0,No
CUST-02789,Female,0,1,Two year,Mailed check,Fiber optic,70.6,70.6,1,No
CUST-02790,Male,0,61,One year,Electronic check,DSL,21.89,1335.29,3,No
CUST-02791,Female,0,68,Month-to-month,Electronic check,Fiber optic,82.68,5622.24,5,No
CUST-02792,Male,0,12,Month-to-month,Bank transfer,DSL,44.6,535.2,2,Yes
CUST-02793,Male,1,52,Month-to-month,Credit card,No,31.53,1639.56,1,No
CUST-02794,Male,1,39,One year,Electronic check,DSL,43.72,1705.08,0,No
CUST-02795,Female,0,5,Two year,Electronic check,Fiber optic,79.31,396.55,0,No
CUST-02796,Male,0,66,Month-to-month,Bank transfer,No,25.58,1688.28,4,No
CUST-02797,Female,0,63,Month-to-month,Bank transfer,Fiber optic,88.27,5561.01,2,Yes
CUST-02798,Male,0,41,One year,Mailed check,DSL,39.33,1612.53,2,No
CUST-02799,Female,0,51,Month-to-month,Bank transfer,No,27.56,1405.56,1,No
CUST-02800,Female,0,29,One year,Credit card,Fiber optic,75.83,2199.07,2,Yes
CUST-02801,Female,0,58,Month-to-month,Electronic check,Fiber optic,80.13,4647.54,2,Yes
CUST-02802,Male,0,33,One year,Bank transfer,Fiber optic,85.37,2817.21,3,No
CUST-02803,Female,0,72,Two year,Bank transfer,No,26.76,1926.72,0,No
CUST-02804,Male,0,5,Month-to-month,Mailed check,Fiber optic,82.55,412.75,1,No
CUST-02805,Male,0,13,Month-to-month,Credit card,Fiber optic,71.36,927.68,1,Yes
CUST-02806,Male,0,70,Month-to-month,Bank transfer,Fiber optic,65.04,4552.8,4,No
CUST-02807,Male,0,21,One year,Mailed check,DSL,43.5,913.5,1,No
CUST-02808,Male,0,23,Month-to-month,Electronic check,Fiber optic,87.77,2018.71,1,Yes
CUST-02809,Female,0,57,Two year,Bank transfer,DSL,48.6,2770.2,0,No
CUST-02810,Male,0,14,One year,Electronic check,Fiber optic,81.94,1147.16,1,Yes
CUST-02811,Male,1,37,Month-to-month,Electronic check,Fiber optic,79.94,2957.78,3,Yes
CUST-02812,Female,0,21,One year,Mailed check,DSL,47.47,996.87,0,No
CUST-02813,Male,1,15,Month-to-month,Bank transfer,Fiber optic,72.05,1080.75,0,No
CUST-02814,Female,0,70,Two year,Credit card,Fiber optic,86.24,6036.8,0,No
CUST-02815,Female,0,15,Month-to-month,Bank transfer,DSL,51.77,776.55,1,Yes
CUST-02816,Female,0,7,One year,Credit card,DSL,42.16,295.12,2,No
CUST-02817,Male,0,49,Two year,Electronic check,No,23.5,1151.5,2,No
CUST-02818,Male,1,63,One year,Mailed check,No,18.0,1134.0,2,No
CUST-02819,Male,0,10,Two year,Credit card,Fiber optic,81.44,814.4,0,No
CUST-02820,Female,0,51,Month-to-month,Mailed check,DSL,43.93,2240.43,4,No
CUST-02821,Male,0,39,Two year,Credit card,DSL,55.07,2147.73,2,No
CUST-02822,Female,0,60,One year,Mailed check,DSL,43.41,2604.6,0,No
CUST-02823,Male,0,10,One year,Electronic check,Fiber optic,86.95,869.5,1,Yes
CUST-02824,Female,1,71,Month-to-month,Bank transfer,No,18.0,1278.0,1,No
CUST-02825,Male,0,45,Month-to-month,Electronic check,Fiber optic,61.71,2776.95,1,No
CUST-02826,Female,0,61,One year,Electronic check,DSL,43.2,2635.2,1,No
CUST-02827,Male,1,27,Month-to-month,Electronic check,No,21.57,582.39,1,No
CUST-02828,Male,0,68,One year,Electronic check,Fiber optic,81.21,5522.28,4,No
CUST-02829,Male,0,46,Two year,Mailed check,DSL,46.33,2131.18,1,No
CUST-02830,Female,1,10,Two year,Credit card,Fiber optic,75.95,759.5,0,No
CUST-02831,Female,0,67,Month-to-month,Mailed check,DSL,42.41,2841.47,0,No
CUST-02832,Female,0,58,Two year,Credit card,No,18.0,1044.0,1,No
CUST-02833,Female,1,22,Month-to-month,Bank transfer,Fiber optic,64.03,1408.66,0,No
CUST-02834,Female,0,40,Month-to-month,Electronic check,Fiber optic,79.15,3166.0,4,Yes
CUST-02835,Female,1,28,Two year,Electronic check,Fiber optic,74.04,2073.12,1,No
CUST-02836,Female,0,40,Month-to-month,Credit card,No,28.64,1145.6,1,No
CUST-02837,Female,0,70,Month-to-month,Bank transfer,Fiber optic,62.54,4377.8,1,No
CUST-02838,Female,0,65,Month-to-month,Credit card,Fiber optic,82.33,5351.45,1,Yes
CUST-02839,Female,0,16,Month-to-month,Electronic check,DSL,61.97,991.52,0,No
CUST-02840,Male,0,70,Two year,Bank transfer,No,18.54,1297.8,0,No
CUST-02841,Female,0,32,Month-to-month,Credit card,Fiber optic,79.98,2559.36,0,Yes
CUST-02842,Female,0,51,Month-to-month,Credit card,DSL,48.41,2468.91,2,No
CUST-02843,Female,0,56,One year,Electronic check,No,24.04,1346.24,0,No
CUST-02844,Female,0,35,Month-to-month,Credit card,DSL,41.73,1460.55,3,Yes
CUST-02845,Female,0,33,One year,Mailed check,DSL,36.93,1218.69,1,No
CUST-02846,Female,0,33,Two year,Credit card,Fiber optic,85.22,2812.26,3,No
CUST-02847,Female,0,63,One year,Mailed check,DSL,29.74,1873.62,1,No
CUST-02848,Female,0,28,Two year,Bank transfer,Fiber optic,86.66,2426.48,1,No
CUST-02849,Female,0,21,Month-to-month,Mailed check,DSL,41.87,879.27,1,No
CUST-02850,Male,0,27,Two year,Credit card,DSL,45.02,1215.54,2,No
CUST-02851,Female,0,15,Month-to-month,Electronic check,DSL,40.8,612.0,1,No
CUST-02852,Male,0,29,Month-to-month,Mailed check,DSL,56.45,1637.05,1,Yes
CUST-02853,Female,0,9,One year,Bank transfer,No,21.99,197.91,0,No
CUST-02854,Male,0,7,Month-to-month,Bank transfer,Fiber optic,77.43,542.01,0,No
CUST-02855,Male,1,53,Two year,Mailed check,Fiber optic,77.2,4091.6,1,No
CUST-02856,Female,0,6,One year,Bank transfer,Fiber optic,78.81,472.86,0,No
CUST-02857,Female,0,41,Two year,Mailed check,Fiber optic,99.18,4066.38,1,No
CUST-02858,Female,0,57,Month-to-month,Bank transfer,DSL,34.46,1964.22,4,No
CUST-02859,Male,0,53,Month-to-month,Bank transfer,DSL,53.66,2843.98,1,No
CUST-02860,Female,0,33,One year,Bank transfer,Fiber optic,84.54,2789.82,1,No
CUST-02861,Male,0,14,Month-to-month,Credit card,Fiber optic,92.32,1292.48,1,No
CUST-02862,Female,0,68,Month-to-month,Mailed check,Fiber optic,85.03,5782.04,2,No
CUST-02863,Male,0,61,One year,Electronic check,No,20.03,1221.83,0,No
CUST-02864,Female,0,45,Two year,Bank transfer,No,28.16,1267.2,1,No
CUST-02865,Female,0,7,One year,Electronic check,DSL,46.84,327.88,0,No
CUST-02866,Male,0,3,Month-to-month,Electronic check,DSL,51.04,153.12,2,No
CUST-02867,Male,0,23,Month-to-month,Credit card,DSL,56.43,1297.89,4,Yes
CUST-02868,Female,0,12,One year,Mailed check,Fiber optic,80.74,968.88,2,Yes
CUST-02869,Female,0,62,Month-to-month,Mailed check,No,18.0,1116.0,0,No
CUST-02870,Female,0,15,Month-to-month,Credit card,No,18.0,270.0,0,No
CUST-02871,Male,0,21,Month-to-month,Electronic check,DSL,48.6,1020.6,4,No
CUST-02872,Female,1,71,Month-to-month,Electronic check,No,18.0,1278.0,2,Yes
CUST-02873,Male,1,59,Month-to-month,Electronic check,Fiber optic,77.2,4554.8,1,No
CUST-02874,Female,0,16,Month-to-month,Electronic check,No,18.0,288.0,0,No
CUST-02875,Female,0,28,One year,Bank transfer,Fiber optic,84.07,2353.96,0,No
CUST-02876,Female,0,38,Month-to-month,Credit card,DSL,38.98,1481.24,1,No
CUST-02877,Male,1,48,One year,Bank transfer,DSL,34.71,1666.08,0,No
CUST-02878,Male,0,68,Month-to-month,Electronic check,No,18.0,1224.0,3,No
CUST-02879,Female,0,63,Two year,Mailed check,Fiber optic,75.43,4752.09,5,No
CUST-02880,Female,0,71,Month-to-month,Electronic check,Fiber optic,76.16,5407.36,2,No
CUST-02881,Male,0,3,Month-to-month,Bank transfer,Fiber optic,82.01,246.03,0,Yes
CUST-02882,Female,0,18,Month-to-month,Bank transfer,Fiber optic,78.71,1416.78,1,Yes
CUST-02883,Female,0,41,Month-to-month,Electronic check,No,22.96,941.36,1,No
CUST-02884,Male,0,4,Month-to-month,Credit card,DSL,48.6,194.4,1,Yes
CUST-02885,Male,0,26,Two year,Bank transfer,DSL,50.92,1323.92,3,No
CUST-02886,Male,0,12,Two year,Electronic check,Fiber optic,64.74,776.88,2,Yes
CUST-02887,Male,0,68,Month-to-month,Bank transfer,Fiber optic,70.98,4826.64,0,No
CUST-02888,Male,0,5,Month-to-month,Bank transfer,DSL,49.44,247.2,2,No
CUST-02889,Male,1,11,One year,Electronic check,DSL,46.69,513.59,0,No
CUST-02890,Male,0,15,One year,Electronic check,DSL,52.82,792.3,6,Yes
CUST-02891,Male,1,11,Month-to-month,Bank transfer,DSL,32.65,359.15,1,No
CUST-02892,Female,0,41,One year,Credit card,DSL,41.2,1689.2,2,No
CUST-02893,Male,0,27,Month-to-month,Bank transfer,DSL,42.63,1151.01,2,No
CUST-02894,Male,1,66,One year,Bank transfer,Fiber optic,81.33,5367.78,1,No
CUST-02895,Female,0,19,Month-to-month,Bank transfer,No,20.29,385.51,5,No
CUST-02896,Male,1,39,Month-to-month,Mailed check,No,23.75,926.25,1,No
CUST-02897,Female,0,48,Month-to-month,Electronic check,Fiber optic,79.08,3795.84,2,Yes
CUST-02898,Female,0,46,One year,Mailed check,DSL,55.98,2575.08,1,No
CUST-02899,Female,0,58,Month-to-month,Credit card,No,33.53,1944.74,1,No
CUST-02900,Male,0,15,One year,Credit card,Fiber optic,71.06,1065.9,1,Yes
CUST-02901,Female,0,37,One year,Credit card,Fiber optic,80.36,2973.32,1,No
CUST-02902,Female,0,58,One year,Electronic check,DSL,51.38,2980.04,1,No
CUST-02903,Female,0,63,Month-to-month,Mailed check,DSL,49.68,3129.84,5,No
CUST-02904,Male,0,45,Month-to-month,Bank transfer,Fiber optic,76.74,3453.3,1,No
CUST-02905,Male,0,47,Month-to-month,Electronic check,Fiber optic,82.04,3855.88,3,No
CUST-02906,Male,0,63,One year,Electronic check,DSL,32.33,2036.79,2,No
CUST-02907,Male,0,45,Two year,Credit card,No,19.85,893.25,2,No
CUST-02908,Female,0,69,Month-to-month,Bank transfer,Fiber optic,68.32,4714.08,2,No
CUST-02909,Male,0,10,Two year,Bank transfer,Fiber optic,84.06,840.6,1,Yes
CUST-02910,Female,0,26,Month-to-month,Electronic check,DSL,36.07,937.82,2,No
CUST-02911,Female,0,9,Month-to-month,Mailed check,Fiber optic,81.3,731.7,0,Yes
CUST-02912,Female,0,7,Month-to-month,Electronic check,Fiber optic,82.55,577.85,1,No
CUST-02913,Female,0,34,One year,Electronic check,DSL,45.61,1550.74,1,No
CUST-02914,Female,0,17,Month-to-month,Mailed check,Fiber optic,74.94,1273.98,2,Yes
CUST-02915,Male,0,30,Month-to-month,Electronic check,Fiber optic,78.32,2349.6,2,No
CUST-02916,Male,0,32,One year,Credit card,No,29.45,942.4,3,No
CUST-02917,Male,0,45,Month-to-month,Mailed check,DSL,41.6,1872.0,2,Yes
CUST-02918,Female,0,69,Month-to-month,Electronic check,No,20.17,1391.73,2,No
CUST-02919,Male,0,62,Month-to-month,Electronic check,Fiber optic,75.55,4684.1,1,No
CUST-02920,Male,0,28,Month-to-month,Bank transfer,DSL,53.16,1488.48,1,No
CUST-02921,Male,0,24,Month-to-month,Electronic check,DSL,45.62,1094.88,3,No
CUST-02922,Male,0,56,Month-to-month,Electronic check,DSL,38.89,2177.84,2,No
CUST-02923,Male,0,9,One year,Mailed check,DSL,45.06,405.54,2,No
CUST-02924,Male,0,39,Month-to-month,Electronic check,Fiber optic,78.07,3044.73,2,Yes
CUST-02925,Male,0,31,One year,Bank transfer,Fiber optic,91.14,2825.34,1,No
CUST-02926,Female,0,14,Month-to-month,Mailed check,DSL,44.64,624.96,3,No
CUST-02927,Female,0,45,Month-to-month,Electronic check,No,18.0,810.0,2,No
CUST-02928,Male,0,24,Month-to-month,Credit card,DSL,48.99,1175.76,0,Yes
CUST-02929,Male,0,14,Month-to-month,Mailed check,Fiber optic,94.29,1320.06,0,Yes
CUST-02930,Male,0,48,Month-to-month,Bank transfer,No,29.58,1419.84,2,No
CUST-02931,Male,0,13,Month-to-month,Electronic check,No,18.0,234.0,5,Yes
CUST-02932,Male,0,49,Two year,Bank transfer,Fiber optic,77.85,3814.65,4,No
CUST-02933,Female,0,12,Two year,Electronic check,Fiber optic,79.75,957.0,1,No
CUST-02934,Female,0,32,Month-to-month,Mailed check,DSL,44.85,1435.2,1,No
CUST-02935,Female,1,59,One year,Electronic check,DSL,48.05,2834.95,0,No
CUST-02936,Male,0,17,One year,Credit card,Fiber optic,77.25,1313.25,1,No
CUST-02937,Female,0,56,Two year,Electronic check,DSL,37.68,2110.08,3,No
CUST-02938,Female,0,52,Month-to-month,Credit card,Fiber optic,87.61,4555.72,1,No
CUST-02939,Male,0,65,Month-to-month,Credit card,DSL,36.01,2340.65,1,No
CUST-02940,Male,0,13,Month-to-month,Mailed check,No,18.0,234.0,1,No
CUST-02941,Female,0,52,Month-to-month,Electronic check,No,18.0,936.0,1,No
CUST-02942,Female,1,68,Month-to-month,Mailed check,No,24.9,1693.2,1,No
CUST-02943,Female,0,55,Two year,Credit card,Fiber optic,80.85,4446.75,1,No
CUST-02944,Male,0,14,Two year,Bank transfer,DSL,52.07,728.98,1,No
CUST-02945,Female,0,60,Month-to-month,Mailed check,DSL,38.72,2323.2,3,No
CUST-02946,Female,0,8,Month-to-month,Electronic check,Fiber optic,69.98,559.84,1,Yes
CUST-02947,Male,0,43,Month-to-month,Credit card,Fiber optic,76.45,3287.35,2,No
CUST-02948,Male,0,36,Month-to-month,Electronic check,Fiber optic,78.54,2827.44,0,No
CUST-02949,Male,0,39,One year,Electronic check,Fiber optic,81.67,3185.13,1,Yes
CUST-02950,Male,0,38,Month-to-month,Electronic check,Fiber optic,66.54,2528.52,1,Yes
CUST-02951,Female,0,3,Two year,Mailed check,DSL,48.83,146.49,0,No
CUST-02952,Male,0,37,Two year,Credit card,DSL,37.85,1400.45,2,No
CUST-02953,Male,0,68,One year,Credit card,Fiber optic,74.82,5087.76,1,No
CUST-02954,Male,0,32,One year,Electronic check,Fiber optic,89.39,2860.48,2,No
CUST-02955,Female,0,20,Month-to-month,Mailed check,No,18.0,360.0,3,No
CUST-02956,Male,0,72,Month-to-month,Credit card,Fiber optic,82.58,5945.76,0,Yes
CUST-02957,Female,0,8,Month-to-month,Mailed check,Fiber optic,82.55,660.4,4,Yes
CUST-02958,Male,0,36,One year,Electronic check,No,18.0,648.0,4,No
CUST-02959,Female,1,37,Month-to-month,Mailed check,DSL,41.42,1532.54,2,No
CUST-02960,Female,0,35,Two year,Bank transfer,Fiber optic,89.77,3141.95,1,No
CUST-02961,Female,0,67,Month-to-month,Credit card,Fiber optic,95.7,6411.9,0,No
CUST-02962,Female,0,31,Month-to-month,Bank transfer,Fiber optic,88.52,2744.12,2,Yes
CUST-02963,Male,0,71,Month-to-month,Electronic check,DSL,60.09,4266.39,4,Yes
CUST-02964,Male,1,5,Two year,Bank transfer,No,18.0,90.0,3,No
CUST-02965,Female,0,53,Month-to-month,Electronic check,No,18.0,954.0,1,No
CUST-02966,Male,0,43,Month-to-month,Credit card,DSL,44.58,1916.94,1,No
CUST-02967,Male,0,18,Month-to-month,Mailed check,DSL,51.44,925.92,1,Yes
CUST-02968,Male,0,17,One year,Electronic check,DSL,30.16,512.72,2,No
CUST-02969,Male,0,52,Two year,Mailed check,Fiber optic,72.59,3774.68,3,Yes
CUST-02970,Male,1,46,Month-to-month,Electronic check,Fiber optic,73.48,3380.08,0,No
CUST-02971,Female,0,45,Two year,Electronic check,DSL,47.85,2153.25,0,No
CUST-02972,Male,0,4,Month-to-month,Bank transfer,No,21.82,87.28,3,Yes
CUST-02973,Male,0,44,One year,Bank transfer,Fiber optic,73.8,3247.2,3,No
CUST-02974,Male,1,71,Month-to-month,Credit card,Fiber optic,81.44,5782.24,2,Yes
CUST-02975,Female,0,2,Month-to-month,Mailed check,Fiber optic,70.84,141.68,2,Yes
CUST-02976,Male,0,34,One year,Electronic check,Fiber optic,76.59,2604.06,1,Yes
CUST-02977,Female,0,36,Month-to-month,Mailed check,Fiber optic,69.88,2515.68,1,No
CUST-02978,Female,0,65,Month-to-month,Mailed check,DSL,43.8,2847.0,4,No
CUST-02979,Female,1,21,Two year,Electronic check,Fiber optic,73.6,1545.6,1,No
CUST-02980,Female,0,35,Two year,Credit card,No,25.52,893.2,1,No
CUST-02981,Female,0,52,Month-to-month,Credit card,Fiber optic,79.79,4149.08,4,No
CUST-02982,Female,0,5,One year,Electronic check,No,18.19,90.95,1,No
CUST-02983,Female,1,58,One year,Credit card,Fiber optic,94.14,5460.12,1,No
CUST-02984,Male,0,60,Month-to-month,Bank transfer,Fiber optic,83.07,4984.2,1,Yes
CUST-02985,Female,1,52,Two year,Electronic check,DSL,42.05,2186.6,2,No
CUST-02986,Female,0,47,Month-to-month,Bank transfer,Fiber optic,75.33,3540.51,1,No
CUST-02987,Female,1,54,One year,Electronic check,DSL,35.55,1919.7,2,No
CUST-02988,Male,0,57,Month-to-month,Electronic check,DSL,44.47,2534.79,2,No
CUST-02989,Male,0,66,Month-to-month,Credit card,DSL,47.46,3132.36,1,No
CUST-02990,Male,1,31,Month-to-month,Bank transfer,DSL,29.68,920.08,3,Yes
CUST-02991,Male,1,33,Month-to-month,Electronic check,No,18.0,594.0,3,Yes
CUST-02992,Female,0,46,Two year,Mailed check,No,18.0,828.0,1,No
CUST-02993,Female,0,14,Two year,Credit card,Fiber optic,71.21,996.94,1,No
CUST-02994,Male,0,62,Month-to-month,Mailed check,DSL,45.35,2811.7,2,No
CUST-02995,Female,0,56,Month-to-month,Credit card,No,21.46,1201.76,0,No
CUST-02996,Male,1,46,Month-to-month,Credit card,Fiber optic,79.02,3634.92,4,No
CUST-02997,Male,0,22,Month-to-month,Electronic check,DSL,49.4,1086.8,2,No
CUST-02998,Female,0,26,Month-to-month,Bank transfer,Fiber optic,75.32,1958.32,1,Yes
CUST-02999,Male,0,32,Two year,Bank transfer,Fiber optic,79.63,2548.16,2,Yes
CUST-03000,Female,1,48,One year,Credit card,DSL,36.97,1774.56,1,No
CUST-01958,Female,0,39,Two year,Electronic check,Fiber optic,88.17,3438.63,1,No
CUST-02088,Female,0,48,Month-to-month,Mailed check,No,24.89,1194.72,1,No
CUST-01395,Male,0,16,Two year,Mailed check,DSL,41.83,669.28,2,No
CUST-01521,Female,0,63,Month-to-month,Electronic check,No,26.6,1675.8,2,No
CUST-01099,Female,0,3,Two year,Mailed check,Fiber optic,77.63,232.89,2,No
CUST-00394,Male,0,44,Month-to-month,Electronic check,DSL,32.22,1417.68,2,No
CUST-00029,Male,0,40,Month-to-month,Mailed check,DSL,34.3,1372.0,3,No
CUST-00100,Female,0,11,Month-to-month,Bank transfer,Fiber optic,80.94,890.34,1,No
CUST-00352,Female,0,4,Two year,Credit card,Fiber optic,76.61,306.44,1,No
CUST-02021,Female,0,22,Month-to-month,Credit card,No,28.5,627.0,2,No
CUST-01353,Female,0,36,Two year,Electronic check,DSL,41.44,1491.84,3,No
CUST-01145,Male,0,24,Month-to-month,Electronic check,Fiber optic,82.45,1978.8,0,No
CUST-02856,Female,0,6,One year,Bank transfer,Fiber optic,78.81,472.86,0,No
CUST-01226,Male,0,70,One year,Credit card,No,19.87,1390.9,1,No
CUST-00298,Male,0,32,Month-to-month,Credit card,Fiber optic,83.52,2672.64,3,No
CUST-01786,Female,0,18,One year,Electronic check,Fiber optic,86.41,1555.38,4,Yes
CUST-00127,Female,0,6,Month-to-month,Credit card,No,18.0,108.0,1,Yes
CUST-02758,Male,1,46,Month-to-month,Mailed check,No,25.22,1160.12,0,No
CUST-01597,Female,0,48,Month-to-month,Mailed check,DSL,51.45,2469.6,3,No
CUST-02028,Male,0,69,Month-to-month,Electronic check,DSL,46.3,3194.7,1,No
